Time (s),Volume (m^3),Ar,He,Ne,N2,methane(1),oxygen(2),CH3(5),HO2(7),CH3O2(12),H(6),CH3O2(19),OH(D)(9),CH2O(25),H2O(35),CC(14),O(T)(10),OO(11),CHO(34),CHO3(63),CHO3(75),CO2(114),COO(15)
0.0,0.11224537200000001,0.0,0.0,0.0,0.0,0.33,0.67,0.0,0.0,0.0,0.0,0.0,0.0,0.0,0.0,0.0,0.0,0.0,0.0,0.0,0.0,0.0,0.0
3.0205425349583116e-16,0.11224537199999998,0.0,0.0,0.0,0.0,0.3299999999999998,0.6699999999999998,1.8213569007102502e-16,1.422532265608572e-16,1.152056867784325e-24,3.988246466183132e-17,6.655075686883801e-34,7.648612837458779e-29,1.4855481820423653e-34,1.8059957774683666e-37,1.6601531499558445e-39,7.648597875045585e-29,1.5842822078244487e-28,4.74311419625978e-47,5.986223604854706e-55,2.4007195316899958e-64,1.8267336518198454e-65,1.3379179660378103e-36
8.457519097883273e-16,0.11224537200000007,0.0,0.0,0.0,0.0,0.3299999999999995,0.6699999999999997,5.099799284667244e-16,3.9830905766055354e-16,6.958417981570152e-24,1.1167087776221274e-16,6.788421930183169e-33,4.61978222002268e-28,2.876119611936984e-33,2.1440867154905923e-36,2.508823405922791e-38,4.619753331877713e-28,9.569064975828571e-28,1.700368071483526e-45,3.922685160326912e-53,2.7011891704552425e-62,3.7179230299223596e-63,1.5884823421503863e-35
1.9331472223733196e-15,0.11224537200000002,0.0,0.0,0.0,0.0,0.32999999999999885,0.6699999999999992,1.1656683903295829e-15,9.104208130204993e-16,3.350173121759029e-23,2.552476107993763e-16,5.101525851319484e-32,2.2242565813608768e-27,4.3871633589932646e-32,2.1051035054378486e-35,2.698877659661803e-37,2.2242125850884075e-27,4.607093321204595e-27,5.212736791322766e-44,2.407641014468014e-51,2.957412200304318e-60,8.138357040629919e-61,1.5596259618116037e-34
4.107937847543304e-15,0.11224537200000007,0.0,0.0,0.0,0.0,0.3299999999999975,0.6699999999999982,2.477045254341494e-15,1.934644696382117e-15,1.4631036973631747e-22,5.424007042197926e-16,3.050758243199588e-31,9.71425792698204e-27,5.341853391259606e-31,1.8620012290261244e-34,2.4807334044260535e-36,9.713722639232e-27,2.0120390868150688e-26,1.2801355600322747e-42,1.1873391234127118e-49,2.4026017455857554e-58,1.3244177682365589e-58,1.3794858433807024e-33
8.457519097883273e-15,0.11224537200000015,0.0,0.0,0.0,0.0,0.3299999999999949,0.6699999999999962,5.0997987435129025e-15,3.983093953668368e-15,6.10812879096855e-22,1.1167054004488682e-15,1.5471498119387243e-30,4.0558412542586324e-26,5.5073015078688914e-30,1.5652421220606616e-33,2.1223194154197486e-35,4.055289597476439e-26,8.39987041177418e-26,2.66009754340584e-41,4.953209796741827e-48,1.4802391420885371e-56,1.6351595117215856e-56,1.1595410907174772e-32
1.715668159856321e-14,0.11224537200000027,0.0,0.0,0.0,0.0,0.3299999999999897,0.669999999999992,1.034530476646857e-14,8.07999843046184e-15,2.495336300732004e-21,2.2653088304910915e-15,7.044072920431848e-30,1.6572281158353828e-25,5.079185335139565e-29,1.2834850721871208e-32,1.7547743365879613e-34,1.6567194376133016e-25,3.4316238369381527e-25,4.936508129044423e-40,1.8438594495212553e-46,7.22719124186436e-55,1.6001351830413675e-54,9.506528420050738e-32
3.4555006599923086e-14,0.11224537200000055,0.0,0.0,0.0,0.0,0.3299999999999792,0.6699999999999838,2.0836312991011372e-14,1.6273831232683868e-14,1.0086276553129046e-20,4.562491841160605e-15,3.013292193045376e-29,6.701123902472766e-25,4.382256237725598e-28,1.0397383495478455e-31,1.4269527011300123e-33,6.696735494408304e-25,1.3871193987700905e-24,8.55294038723313e-39,6.402049805756935e-45,2.969852514656634e-53,1.317642200635484e-52,7.6984514351517565e-31
6.935165660264284e-14,0.11224537200000102,0.0,0.0,0.0,0.0,0.3299999999999582,0.6699999999999674,4.1818314156063053e-14,3.266159222967808e-14,4.0554289210125105e-20,9.156762466830088e-15,1.246993856870941e-28,2.69638626531379e-24,3.644868064651271e-27,8.374206683427668e-31,1.1508880050632383e-32,2.6927364462554833e-24,5.577563601292496e-24,1.4261641284864345e-37,2.1375549462897906e-43,1.0912297758365328e-51,9.69715000707764e-51,6.1960766748774315e-30
1.3894495660808234e-13,0.11224537200000209,0.0,0.0,0.0,0.0,0.32999999999991625,0.6699999999999346,8.378225536155064e-14,6.543749577794597e-14,1.626233134329775e-19,1.8344922151411792e-14,5.073529101743892e-28,1.0828923869839406e-23,2.973800982691288e-26,6.728594365165184e-30,9.244541578139483e-32,1.079914613995307e-23,2.2368665081056836e-23,2.3302262842659343e-36,6.989698595963113e-42,3.756227497002535e-50,6.682159314447622e-49,4.971463368545551e-29
2.7813155661896136e-13,0.11224537200000413,0.0,0.0,0.0,0.0,0.3299999999998323,0.6699999999998691,1.6770989336618664e-13,1.309908289642421e-13,6.512011546933031e-19,3.6719715380902745e-14,2.0464506293130713e-27,4.349401624154783e-23,2.4023577303986804e-25,5.405200480408755e-29,7.410617460358386e-31,4.325346236165725e-23,8.959245935504456e-23,3.7674926321965976e-35,2.26095504248047e-40,1.2478013761339306e-48,4.441959373503615e-47,3.9824204851798314e-28
5.565047566407194e-13,0.11224537200000828,0.0,0.0,0.0,0.0,0.32999999999966445,0.669999999999738,3.3556419248653905e-13,2.6210359867718333e-13,2.605378941946568e-18,7.346319829987764e-14,8.217475520441002e-27,1.7506424974469032e-22,1.930733644077978e-24,4.350072745078199e-28,5.934461252151644e-30,1.7313097150380255e-22,3.586123242242398e-22,6.057899685337827e-34,7.27226676568908e-39,4.068286084478053e-47,2.8973275148109017e-45,3.1870768196758523e-27
1e-12,0.11224537200001652,0.0,0.0,0.0,0.0,0.329999999999397,0.6699999999995292,6.029811638212153e-13,4.710076939891398e-13,8.827142722538527e-18,1.3198229396836992e-13,2.7888900824189e-26,5.998130090421766e-22,1.2717586079676344e-23,2.8905146081943217e-27,3.904414956162976e-29,5.870787112292534e-22,1.2160362488077972e-21,7.858828040066927e-33,1.8722334347028258e-37,1.0545082972237568e-45,1.4963261791379672e-43,2.0949894791885678e-26
1.1132511566842355e-12,0.11224537200001652,0.0,0.0,0.0,0.0,0.3299999999993287,0.6699999999994758,6.71268889054184e-13,5.243535433176449e-13,1.0415935286424719e-17,1.4692575812454193e-13,3.291220536383256e-26,7.082770546230787e-22,1.547212185791924e-23,3.5175541310541786e-27,4.749905534618904e-29,6.927846033052008e-22,1.4349884307800385e-21,9.710967298323835e-33,2.331757361701497e-37,1.3133992437785192e-45,1.8710301159425376e-43,2.5485816453833743e-26
2.2267439567712675e-12,0.112245372000033,0.0,0.0,0.0,0.0,0.3299999999986573,0.6699999999989512,1.3426627224166035e-12,1.0489509883258294e-12,4.159889156796131e-17,2.9375331885118875e-13,1.3156373186682237e-25,2.8957663601711105e-21,1.2373320902465661e-22,2.872332758590114e-26,3.8007770279823418e-28,2.771871044123408e-21,5.7414640520102225e-21,1.553386791559387e-31,7.460351307052377e-36,4.2166303902086187e-44,1.201484372665633e-41,2.0359819192026218e-25
3.3402367568582995e-12,0.1122453720000495,0.0,0.0,0.0,0.0,0.3299999999979859,0.6699999999984265,2.014041042784365e-12,1.5736459239736738e-12,8.829687323281041e-17,4.404833857421617e-13,2.7932911898285317e-25,6.244971276608271e-21,3.535873919004402e-22,8.308176388734438e-26,1.1284183981951606e-27,5.890921254760919e-21,1.2202040730383533e-20,5.71487171440819e-31,3.404891061901363e-35,1.9257475695795905e-43,6.603248536899496e-41,5.816639939229105e-25
4.4537295569453315e-12,0.11224537200006593,0.0,0.0,0.0,0.0,0.3299999999973145,0.6699999999979017,2.6854038967949495e-12,2.0984382852169984e-12,1.5046320292471364e-16,5.871160238410456e-13,4.760606063884724e-25,1.0796421657874438e-20,7.453278664786409e-22,1.7705763230880674e-25,2.4588183818928334e-27,1.005011969736569e-20,2.081709584383396e-20,1.448676405299236e-30,1.0144878611657817e-34,5.740146066397666e-43,2.270448413430648e-40,1.2259219822499289e-24
6.6807151571193956e-12,0.11224537200009879,0.0,0.0,0.0,0.0,0.3299999999959716,0.6699999999968518,4.0280934503446815e-12,3.148251458011724e-12,3.109548829304763e-16,8.801528422266512e-13,9.839874028729393e-25,2.2846167636689268e-20,2.0332624702308245e-21,4.91828531288657e-25,7.13722609916368e-27,2.0810252498807667e-20,4.3104804694638845e-20,5.0611997710068695e-30,4.43708229865261e-34,2.511771649153708e-42,1.2208426406279942e-39,3.3438972457246415e-24
8.907700757293459e-12,0.11224537200013164,0.0,0.0,0.0,0.0,0.32999999999462876,0.6699999999958014,5.370726513974323e-12,4.1984223597692255e-12,5.279434746019796e-16,1.1728319198894803e-12,1.6707589885901406e-24,3.965192315002159e-20,4.249475756813395e-21,1.0443088481982637e-24,1.5608188263027352e-26,3.539691178064866e-20,7.331843027578342e-20,1.2635893760731632e-29,1.2919071343424646e-33,7.315278998713975e-42,4.067737437160536e-39,6.988179449348281e-24
1e-11,0.1122453720001644,0.0,0.0,0.0,0.0,0.3299999999939701,0.669999999995286,6.029243596806529e-12,4.713653589175616e-12,6.563861806953734e-16,1.3162461730648863e-12,2.077293967610724e-24,4.985552988934443e-20,5.7974973726789506e-21,1.4368259547433752e-24,2.166506675756591e-26,4.405048644326855e-20,9.124271715166935e-20,1.8754170348465864e-29,2.0714186709380658e-33,1.1730588188088468e-41,7.005888351761629e-39,9.533612922323935e-24
1.1134686357467522e-11,0.1122453720001644,0.0,0.0,0.0,0.0,0.3299999999932859,0.6699999999947506,6.713299361289094e-12,5.248976108764373e-12,8.051556082929942e-16,1.465128137710703e-12,2.5481722635921146e-24,6.182159393033056e-20,7.726892778151361e-21,1.92927954836548e-24,2.9282609538199985e-26,5.408465091790532e-20,1.1202662589775757e-19,2.6784671999934873e-29,3.1345129276049696e-33,1.7752460869835905e-41,1.113262403931979e-38,1.2706099541308825e-23
1.5588657557815652e-11,0.11224537200022981,0.0,0.0,0.0,0.0,0.3299999999906002,0.6699999999926476,9.398262695628738e-12,7.351253263225879e-12,1.5419605306060525e-15,2.048550878251556e-12,4.8803370933282386e-24,1.2438954575753282e-19,2.0333913362476812e-20,5.2957113610342865e-24,8.011786692570355e-26,1.0402929179226781e-19,2.1547732077035088e-19,9.783548483409859e-29,1.6169451329152933e-32,9.1614311169205e-41,8.29645916862454e-38,3.343469618780732e-23
2.4496599958511908e-11,0.11224537200036003,0.0,0.0,0.0,0.0,0.3299999999852288,0.6699999999884362,1.476747596904151e-11,1.1560440923597181e-11,3.7290367033296345e-15,3.2107628541563806e-12,1.1803192596270778e-23,3.320621577838697e-19,7.802706647457386e-20,2.2245841745276083e-23,3.181410014105626e-25,2.539349464216971e-19,5.25975600346669e-19,6.1585354467618665e-28,1.7351386877361595e-31,9.835179977238299e-40,1.5765615781645228e-36,1.282893387668373e-22
3.3404542359208164e-11,0.11224537200048941,0.0,0.0,0.0,0.0,0.32999999997985735,0.6699999999842177,2.0135752729060046e-11,1.577578914222204e-11,6.8527078579644325e-15,4.3668140664539895e-12,2.169090276467816e-23,6.633482908884851e-19,1.9245276951188861e-19,5.869064725672219e-23,7.964103010779548e-25,4.706503552145536e-19,9.748525689440415e-19,1.996129028864307e-27,7.212501960502414e-31,4.088748019683063e-39,8.191242099674827e-36,3.164142675802728e-22
5.1220427160600676e-11,0.11224537200074589,0.0,0.0,0.0,0.0,0.32999999996911455,0.6699999999757598,3.086961012710751e-11,2.422479376107497e-11,1.5796320694429742e-14,6.660607692037165e-12,5.0001549540146626e-23,1.7944955350154346e-18,6.887083375784377e-19,2.4310147267871433e-22,2.910391359404156e-24,1.104925705426547e-18,2.288590295669105e-18,1.1269861183616032e-26,6.548764846420798e-30,3.7131216243759225e-38,1.2199146884207457e-34,1.1322823925073208e-21
6.903631196199319e-11,0.11224537200099924,0.0,0.0,0.0,0.0,0.32999999995837176,0.6699999999672742,4.159998470775778e-11,3.2698036678416623e-11,2.822285335365874e-14,8.930162194343565e-12,8.93376142234777e-23,3.647777708271913e-18,1.6382770704850137e-18,6.432549046518722e-22,7.020505260556241e-24,2.007482437186958e-18,4.157972330690645e-18,3.4911938003823784e-26,2.58153883348421e-29,1.463810922337199e-37,5.979005298594326e-34,2.6934091184756957e-21
8.68521967633857e-11,0.11224537200124948,0.0,0.0,0.0,0.0,0.32999999994762896,0.6699999999587611,5.2327033372051585e-11,4.1195270233752556e-11,4.397527096902179e-14,1.1175725231632252e-11,1.3920199233947225e-22,6.35949779217508e-18,3.1766287912411762e-18,1.3670960822288915e-21,1.3778701952715632e-23,3.179012955991148e-18,6.584414199103507e-18,8.263340237327574e-26,7.324140631323906e-29,4.153164549370482e-37,1.9991734317673937e-33,5.222516418937168e-21
9.999999999999999e-11,0.11224537200149676,0.0,0.0,0.0,0.0,0.32999999993970097,0.6699999999524614,6.024136880524085e-11,4.748129992973297e-11,5.763412756858809e-14,1.281768608510791e-11,1.8243931416819955e-22,8.997221629807656e-18,4.7749615289713935e-18,2.1910327249336414e-21,2.089363610151389e-23,4.2165288329309256e-18,8.73325628276331e-18,1.411709794529772e-25,1.4101715971335845e-28,7.996567070062253e-37,4.303258142227713e-33,7.850241283765567e-21
1.046680815647782e-10,0.11224537200149676,0.0,0.0,0.0,0.0,0.32999999993688617,0.6699999999502212,6.305091041569618e-11,4.971624281860386e-11,6.289914625758554e-14,1.3397548410093244e-11,1.9910583389521692e-22,1.0063769413091008e-17,5.437040288829022e-18,2.542761590695155e-21,2.3854389688735716e-23,4.620226055187272e-18,9.569364807421932e-18,1.6671850434496964e-25,1.7177644420733585e-28,9.740862857627898e-37,5.38075335185496e-33,8.938726989604879e-21
1.4029985116756324e-10,0.11224537200198245,0.0,0.0,0.0,0.0,0.3299999999154006,0.6699999999330623,8.448968311261212e-11,6.682848887343881e-11,1.0972734371297934e-13,1.7770891385584256e-11,3.473417280684431e-22,2.091382084192221e-17,1.2584925032265049e-17,6.81670788288594e-21,5.643138465268802e-23,8.3142872008878e-18,1.7220079768554817e-17,5.018819576852327e-25,6.624677504188453e-28,3.756763887030208e-36,2.6233882940570005e-32,2.0690238180281856e-20
1.7593162077034825e-10,0.1122453720024565,0.0,0.0,0.0,0.0,0.329999999893915,0.6699999999158001,1.0591742175220495e-10,8.403280672789796e-11,1.675875389911372e-13,2.2052159217879457e-11,5.3050015636387355e-22,3.717092699963161e-17,2.404862525963411e-17,1.4779785522912662e-20,1.1009859964474846e-22,1.3095220755646514e-17,2.7121468415974486e-17,1.177389238788051e-24,1.8712566323479517e-27,1.0611866067432832e-35,8.752273529752211e-32,3.9537411083713194e-20
2.1156339037313326e-10,0.11224537200291933,0.0,0.0,0.0,0.0,0.3299999998724294,0.6699999998984377,1.273352052535468e-10,1.013271645807035e-10,2.353998952869832e-13,2.6243383689708038e-11,7.451628224514715e-22,5.977349051336524e-17,4.076026628562276e-17,2.806350087845796e-20,1.9047719725158271e-22,1.8968756460796073e-17,3.928523524555052e-17,2.3704939629480563e-24,4.402535620455418e-27,2.496708404788703e-35,2.369225168286749e-31,6.701297854815352e-20
2.4719515997591827e-10,0.11224537200337129,0.0,0.0,0.0,0.0,0.3299999998509438,0.6699999998809784,1.4874398322624581e-10,1.1870959908537494e-10,3.1221399682771936e-13,3.034652812962071e-11,9.88321121018937e-22,8.954772283248527e-17,6.354027528543388e-17,4.8586065153924654e-20,3.031316172225114e-22,2.5940423846554957e-17,5.372267048660939e-17,4.297000358302618e-24,9.175757411095766e-27,5.20369603509062e-35,5.6141795612945775e-31,1.044661406165697e-19
2.828269295787033e-10,0.11224537200381264,0.0,0.0,0.0,0.0,0.3299999998294582,0.6699999998634248,1.701445716099731e-10,1.3617824832920404e-10,3.9721321285482137e-13,3.436345443332038e-11,1.2573899522514342e-21,1.2720379247658536e-16,9.309359833939789e-17,7.848913076584041e-20,4.534741951037024e-22,3.401545796660906e-17,7.044445768708173e-17,7.203409126181083e-24,1.747881032419101e-26,9.912561913552306e-35,1.2057181432616907e-30,1.5305632869837572e-19
3.184586991814883e-10,0.11224537200424363,0.0,0.0,0.0,0.0,0.3299999998079726,0.6699999998457791,1.915376811469348e-10,1.5373133248402677e-10,4.896862006473393e-13,3.82959424127177e-11,1.550117512727372e-21,1.733605184888313e-16,1.3003428688016414e-16,1.2010139129599545e-19,6.4681147309198875e-22,4.319885325018548e-17,8.94607840011447e-17,1.1361597877490365e-23,3.1053041334476045e-26,1.7610898575586674e-34,2.405198900917514e-30,2.1379361264561455e-19
3.540904687842733e-10,0.11224537200466458,0.0,0.0,0.0,0.0,0.3299999997864869,0.6699999998280438,2.1292397931799328e-10,1.7136709450102804e-10,5.889649161958618e-13,4.214574910058484e-11,1.8643890640205986e-21,2.285991569042739e-16,1.749390080408611e-16,1.7587428052222172e-19,8.884652133802324e-22,5.349553377284149e-17,1.1078168976325849e-16,1.705940852433962e-23,5.200350407371582e-26,2.949257603702147e-34,4.48405729879777e-30,2.8762664498174197e-19
3.897222383870583e-10,0.11224537200507582,0.0,0.0,0.0,0.0,0.3299999997650013,0.6699999998102216,2.343041141186762e-10,1.890837712408408e-10,6.944008178208659e-13,4.591463762019088e-11,2.1981516036472294e-21,2.9348406308825047e-16,2.2836759185634994e-16,2.483749424324123e-19,1.1838419267649894e-21,6.491043600845909e-17,1.3441723799363107e-16,2.459921182499044e-23,8.278938135802407e-26,4.695230999305209e-34,7.869954158101298e-30,3.7547643500488553e-19
4.2535400798984333e-10,0.11224537200547755,0.0,0.0,0.0,0.0,0.3299999997435156,0.6699999997923148,2.5567868134325033e-10,2.0687962272485813e-10,8.053976102225511e-13,4.960434793425548e-11,2.5495175185667616e-21,3.685342871923153e-16,2.9083477120170664e-16,3.403305641019043e-19,1.538382665664093e-21,7.744842475167776e-17,1.6037734144951556e-16,3.430411469596271e-23,1.2632649325452571e-25,7.164379945984724e-34,1.3127044179979987e-29,4.78189906294044e-19
4.6098577759262834e-10,0.11224537200586995,0.0,0.0,0.0,0.0,0.32999999972203,0.6699999997743253,2.770481936341116e-10,2.2475297021261498e-10,9.214422216101596e-13,5.321655876791475e-11,2.916862645376669e-21,4.541966796333671e-16,3.6278344121984956e-16,4.546446822473029e-19,1.957482098354362e-21,9.111418398050855e-17,1.8867153870329735e-16,4.652062495435051e-23,1.8609030604266972e-25,1.0553814883560269e-33,2.0991327355339382e-29,5.964959445441156e-19
4.966175471954134e-10,0.11224537200625333,0.0,0.0,0.0,0.0,0.32999999970054433,0.6699999997562553,2.9841309457102676e-10,2.427021948918597e-10,1.0420907022561017e-12,5.6752888918639095e-11,3.298781631233666e-21,5.508581014899804e-16,4.445968280171237e-16,5.943549692440999e-19,2.4464801945069216e-21,1.0591222097718308e-16,2.193090030281789e-16,6.161302785596379e-23,2.661304673536464e-25,1.5093211214384182e-33,3.23963179501944e-29,7.310253895895456e-19
5.678810864009834e-10,0.11224537200699393,0.0,0.0,0.0,0.0,0.3299999996575731,0.6699999997198819,3.411307522982935e-10,2.788218729865956e-10,1.295507949051433e-12,6.360430995104038e-11,4.1009871852191415e-21,7.786520665046885e-16,6.392777207082814e-16,9.624595436846161e-19,3.655699592091493e-21,1.3892292745008509e-16,2.876499421909125e-16,1.0192495038210287e-22,5.0580433099988e-25,2.8686116506723954e-33,7.072235888324222e-29,1.0511580748926982e-18
6.287825099588374e-10,0.11224537200760028,0.0,0.0,0.0,0.0,0.32999999962085,0.6699999996885604,3.776259549650265e-10,3.099156346054246e-10,1.5231198708792766e-12,6.923339903217427e-11,4.8215048008069875e-21,1.0112844788175237e-15,8.399855616546651e-16,1.3870636924145623e-18,4.9600649077461465e-21,1.707629108144521e-16,3.5356300763275175e-16,1.490414854291072e-22,8.221883995097211e-25,4.662963509236521e-33,1.2771723339637176e-28,1.3812143225562656e-18
6.896839335166914e-10,0.112245372008183,0.0,0.0,0.0,0.0,0.329999999584127,0.6699999996570294,4.1411258104853936e-10,3.412098694081322e-10,1.759282461371605e-12,7.466200453631428e-11,5.569090135499507e-21,1.2803211045536604e-15,1.0737400977805317e-15,1.9310335082829546e-18,6.542482508991801e-21,2.0596937414495096e-16,4.264408881144738e-16,2.0999878418604468e-22,1.2755405361739963e-24,7.234127108771062e-33,2.1799255002207654e-28,1.765628770492016e-18
7.505853570745455e-10,0.11224537200874336,0.0,0.0,0.0,0.0,0.329999999547404,0.6699999996252981,4.505919264758851e-10,3.7269738894433263e-10,2.0026987371527296e-12,7.989731484821634e-11,6.3396375008325565e-21,1.5868948078048738e-15,1.3416608897392484e-15,2.611990325275157e-18,8.429757912899144e-21,2.4456212364020687e-16,5.063237726862495e-16,2.86925150064922e-22,1.9037035224113886e-24,1.0796728645024322e-32,3.550473142146576e-28,2.2062469526733585e-18
8.723882041902534e-10,0.11224537200980007,0.0,0.0,0.0,0.0,0.3299999994739579,0.6699999995612657,5.235330963208387e-10,4.362247655311497e-10,2.5069679005819007e-12,8.981556633015141e-11,7.935929003902482e-21,2.3164339016626704e-15,1.9837340878364804e-15,4.4575580105773865e-18,1.3226120963152865e-20,3.3198198783353114e-16,6.872575847804114e-16,4.974648889996217e-22,3.8636570577630846e-24,2.1912555348483611e-32,8.4272172022882e-28,3.2622520911373168e-18
9.795920229776722e-10,0.11224537201066387,0.0,0.0,0.0,0.0,0.3299999994093149,0.6699999995043177,5.877167289612702e-10,4.927129895125829e-10,2.965664723745151e-12,9.79698995691693e-11,9.387958975911861e-21,3.0907588437724267e-15,2.669814081310182e-15,6.714205099979581e-18,1.8715588577287153e-20,4.203078424875211e-16,8.700466412715076e-16,7.572295163905191e-22,6.642578984574355e-24,3.7673176938012943e-32,1.6343215199640174e-27,4.3907174104928026e-18
9.999999999999999e-10,0.11224537201146993,0.0,0.0,0.0,0.0,0.3299999993970091,0.6699999994934177,5.999338577774968e-10,5.035244583548548e-10,3.054236059068905e-12,9.946418097049129e-11,9.668336415455407e-21,3.252476629875289e-15,2.813533936576254e-15,7.220057543889217e-18,1.9907944546293997e-20,4.3833780485939165e-16,9.073571505537763e-16,8.156872561436419e-22,7.312297376129049e-24,4.1471480472743505e-32,1.8381413748201323e-27,4.6271177429497876e-18
1.0867958417650908e-09,0.11224537201146993,0.0,0.0,0.0,0.0,0.3299999993446719,0.6699999994468561,6.518899883714945e-10,5.497046345090864e-10,3.4346415634657246e-12,1.0562077851387184e-10,1.0872531034573019e-20,3.9920734679158275e-15,3.4722893011296867e-15,9.672775838051359e-18,2.554495333901943e-20,5.19386935039471e-16,1.0750684395964647e-15,1.0999658940151466e-21,1.0764036198394556e-23,6.104801092708667e-32,2.9502790168332007e-27,5.7107234839536895e-18
1.1939996605525094e-09,0.1122453720122223,0.0,0.0,0.0,0.0,0.3299999992800289,0.6699999993889145,7.160554400724886e-10,6.071683699261894e-10,3.9113309908832485e-12,1.1279953347272481e-10,1.2381517810445145e-20,5.022633290731651e-15,4.393375824990055e-15,1.3440746753084389e-17,3.386030160514119e-20,6.29303640397037e-16,1.302493045546845e-15,1.5386044668954365e-21,1.662753663201488e-23,9.43028846180984e-32,5.025726454580869e-27,7.225945348397634e-18
1.301203479339928e-09,0.11224537201292421,0.0,0.0,0.0,0.0,0.32999999921538575,0.6699999993305241,7.802150224945929e-10,6.650748103341986e-10,4.393793199274761e-12,1.1953554960718298e-10,1.3908778714347414e-20,6.1841450737683036e-15,5.4347479467534475e-15,1.812718726817986e-17,4.3807719327902204e-20,7.501364933344562e-16,1.5524783941110871e-15,2.0862288491595062e-21,2.4690721603086223e-23,1.4003333305976373e-31,8.161647327195132e-27,8.939168112164967e-18
1.4084072981273467e-09,0.1122453720135791,0.0,0.0,0.0,0.0,0.3299999991507427,0.6699999992717142,8.443701938007017e-10,7.233963962709217e-10,4.88056905437256e-12,1.2585638612787787e-10,1.5449694758216808e-20,7.47789437130898e-15,6.5976650287195224e-15,2.3842392114060498e-17,5.553330096578337e-20,8.819585465678692e-16,1.825171033668984e-15,2.7560263288442866e-21,3.546982823875835e-23,2.011672217700082e-31,1.2733601560685379e-26,1.08524953651856e-17
1.5156111169147653e-09,0.1122453720141899,0.0,0.0,0.0,0.0,0.3299999990860995,0.6699999992125114,9.085220481180797e-10,7.821072804914465e-10,5.370563762523235e-12,1.3178789004379927e-10,1.7000800298810127e-20,8.904846558174191e-15,7.883071922988197e-15,3.069758504845665e-17,6.918314850225622e-20,1.024837712856004e-15,2.1207068372335625e-15,3.5612481786498785e-21,4.953999763200635e-23,2.809664945052236e-31,1.9200847750350334e-26,1.2967514159505201e-17
1.622814935702184e-09,0.11224537201475947,0.0,0.0,0.0,0.0,0.3299999990214564,0.6699999991529412,9.726713914753762e-10,8.411832384072333e-10,5.8629708684171744e-12,1.373542857223835e-10,1.855954244738321e-20,1.0465712876165176e-14,9.291664579057374e-15,3.8804723886774704e-17,8.490337016963531e-20,1.1788370344083983e-15,2.43921156259387e-15,4.51518367307724e-21,6.753542321331775e-23,3.830280147859598e-31,2.811402365454654e-26,1.5285402792044408e-17
1.7300187544896026e-09,0.11224537201529039,0.0,0.0,0.0,0.0,0.32999999895681315,0.6699999990930268,1.036818835045121e-09,9.006015388328201e-10,6.357178932581339e-12,1.4257830414162833e-10,2.0123985650992074e-20,1.2161031585041631e-14,1.0823970602772757e-14,4.827626097200184e-17,1.0284007729713059e-19,1.3440150716059833e-15,2.7808016604808366e-15,5.6311283305648795e-21,9.014945431550888e-23,5.112841533024915e-31,4.012681930071162e-26,1.7807063146785197e-17
1.8372225732770212e-09,0.11224537201578516,0.0,0.0,0.0,0.0,0.32999999889216997,0.6699999990327897,1.1009648393279759e-09,9.603408634051795e-10,6.852727309335029e-12,1.4748126346999862e-10,2.1692671704626445e-20,1.3991206470004736e-14,1.2480387430245327e-14,5.922503017362375e-17,1.231393859821861e-19,1.520426145221768e-15,3.14558477808737e-15,6.922369091409047e-21,1.1813456400956215e-22,6.700026055072786e-31,5.600378156334932e-26,2.0533183403658232e-17
1.94442639206444e-09,0.11224537201624599,0.0,0.0,0.0,0.0,0.3299999988275267,0.6699999989722505,1.1651097513237932e-09,1.0203812144118877e-09,7.349268944078715e-12,1.5208316123741512e-10,2.326450198351443e-20,1.5956539304412658e-14,1.4261214442453165e-14,7.176415111053757e-17,1.4594741534798759e-19,1.7081206134786659e-15,3.533660335001853e-15,8.402171968251726e-21,1.523022202436407e-22,8.637856607817588e-31,7.66299053882071e-26,2.3464290789503286e-17
2.1588340296392773e-09,0.11224537201707431,0.0,0.0,0.0,0.0,0.32999999869824015,0.6699999988503402,1.2933972279648282e-09,1.1412912060640452e-09,8.34440261739226e-12,1.6045756108030912e-10,2.6414653233096478e-20,2.0293471426120252e-14,1.8196900454386324e-14,1.0206707154278523e-16,1.996741395322875e-19,2.1175425625456964e-15,4.3800478191879366e-15,1.1980388079960422e-20,2.427250283864405e-22,1.376622092180611e-30,1.363183311850622e-25,2.994292577608901e-17
2.351800903456631e-09,0.11224537201772383,0.0,0.0,0.0,0.0,0.3299999985818821,0.6699999987397653,1.4088541348171235e-09,1.2509635649409423e-09,9.241507028067567e-12,1.6714103280857288e-10,2.9254487391382214e-20,2.4660551656374387e-14,2.216614984419842e-14,1.359173981480725e-16,2.580739684589153e-19,2.525043303960051e-15,5.2223016564851365e-15,1.5978073418601287e-20,3.545924778213222e-22,2.0110830344966657e-30,2.1791921046614482e-25,3.647782008610553e-17
2.5447677772739847e-09,0.11224537201829289,0.0,0.0,0.0,0.0,0.3299999984655241,0.6699999986284727,1.5243099500517415e-09,1.3613528118414186e-09,1.013938358464925e-11,1.7310750034476336e-10,3.2096765829706055e-20,2.946753545215424e-14,2.6540596494756164e-14,1.7668690712229018e-16,3.2687465980583735e-19,2.9697277346513892e-15,6.141241829456679e-15,2.079132282869694e-20,5.017890742297384e-22,2.845915139546428e-30,3.350838308444063e-25,4.368089200082848e-17
2.7377346510913383e-09,0.11224537201879009,0.0,0.0,0.0,0.0,0.3299999983491659,0.6699999985165402,1.6397650045807305e-09,1.4723805882382966e-09,1.103770228826659e-11,1.7843532150110988e-10,3.494044391437073e-20,3.4714609671390834e-14,3.132052407448843e-14,2.250392872422957e-16,4.0692848458195866e-19,3.4517747764846074e-15,7.137209927421404e-15,2.6495960809210697e-20,6.911545937719825e-22,3.9199106439685526e-30,4.984816155093538e-25,5.1552817759358076e-17
2.930701524908692e-09,0.11224537201922344,0.0,0.0,0.0,0.0,0.3299999982328077,0.6699999984040381,1.7552194188183007e-09,1.5839771866377174e-09,1.193634376717346e-11,1.8319420313549836e-10,3.778514376601475e-20,4.040175471740133e-14,3.6506034435629447e-14,2.816385884355997e-16,4.9908771383473335e-19,3.9713374245659656e-15,8.210493745638762e-15,3.316727940086912e-20,9.301299147375107e-22,5.2752709811056015e-30,7.207464365389711e-25,6.009397567705014e-17
3.1236683987260456e-09,0.11224537201959983,0.0,0.0,0.0,0.0,0.3299999981164493,0.6699999982910287,1.8706732761434324e-09,1.6960805187363931e-09,1.2835225670104043e-11,1.8744623298479492e-10,4.0630604696242114e-20,4.6528897694351186e-14,4.2097197477015876e-14,3.4714875272520224e-16,6.04204596861131e-19,4.528545849068397e-15,9.361333733213294e-15,4.0879984596820866e-20,1.2267522249396195e-21,6.957579599430583e-30,1.0166471476372266e-24,6.930469222913688e-17
3.3166352725433993e-09,0.11224537201992565,0.0,0.0,0.0,0.0,0.32999999800009083,0.6699999981775674,1.9861267293182338e-09,1.8086351682648452e-09,1.3734196161449667e-11,1.912468268129525e-10,4.3476346058912054e-20,5.309600723696194e-14,4.8094143082378604e-14,4.222333137863146e-16,7.23131387645804e-19,5.123510242631676e-15,1.0589928912243442e-14,4.9708165373219826e-20,1.5896499573077663e-21,9.015773239405297e-30,1.4032562370533663e-24,7.918539296291573e-17
3.509602146360753e-09,0.11224537202020635,0.0,0.0,0.0,0.0,0.32999999788373235,0.6699999980637035,2.1015798925296186e-09,1.921591714858251e-09,1.4633141977232842e-11,1.9464540453399071e-10,4.6322009309989587e-20,6.010300183867443e-14,5.449696784273775e-14,5.075556398480459e-16,8.567203792139544e-19,5.756322853154833e-15,1.1896441103666249e-14,5.972533543341936e-20,2.028036988276075e-21,1.1502109029161126e-29,1.9001076320515777e-24,8.973644912916207e-17
3.7025690201781066e-09,0.11224537202044674,0.0,0.0,0.0,0.0,0.3299999977673737,0.669999997949481,2.2170327181830062e-09,2.0349062432340323e-09,1.553211174113432e-11,1.9768588102992482e-10,4.9167748369012916e-20,6.754964445475957e-14,6.13056286058744e-14,6.037792227157118e-16,1.0058238645403573e-18,6.427059459377303e-15,1.3280997994542154e-14,7.100448016516908e-20,2.5517069272102817e-21,1.4472132096511606e-29,2.5293490108201646e-24,1.0095800272326753e-16
3.89553589399546e-09,0.1122453720206513,0.0,0.0,0.0,0.0,0.32999999765101506,0.6699999978349389,2.3324851151522984e-09,2.148539753186436e-09,1.6431197615648957e-11,2.0040725615080139e-10,5.201385498806894e-20,7.543564659522627e-14,6.85200446388672e-14,7.115673630350078e-16,1.171294067334526e-18,7.135781144345608e-15,1.4743696824273088e-14,8.36180216658597e-20,3.171028368028083e-21,1.7984648638180333e-29,3.31590208679499e-24,1.128501342968469e-16
4.088502767812814e-09,0.11224537202082402,0.0,0.0,0.0,0.0,0.32999999753465625,0.669999997720112,2.4479371514547824e-09,2.2624574291823133e-09,1.73303324559985e-11,2.0284434511224395e-10,5.486011660082767e-20,8.376084595847641e-14,7.614027273136864e-14,8.3158263948454e-16,1.3539831797755215e-18,7.882536490960048e-15,1.6284608948341883e-14,9.763775514411175e-20,3.896940308564125e-21,2.2101699940471607e-29,4.2876310548094186e-24,1.254131505731567e-16
4.281469641630168e-09,0.11224537202096846,0.0,0.0,0.0,0.0,0.32999999741829733,0.6699999976050318,2.5633889820393747e-09,2.3766280823204278e-09,1.822936208784642e-11,2.0502833653104893e-10,5.770604519902599e-20,9.252514540632798e-14,8.416644480295322e-14,9.644870672488527e-16,1.5547434790948646e-18,8.667363259681907e-15,1.7903783325964955e-14,1.131348786041169e-19,4.7409464401079454e-21,2.6888529991846074e-29,5.475502999871402e-24,1.3864748183149502e-16
4.474436515447521e-09,0.1122453720210875,0.0,0.0,0.0,0.0,0.3299999973019383,0.669999997489726,2.6788405847280026e-09,2.491023943774475e-09,1.91283095959681e-11,2.069869989802836e-10,6.055171374695321e-20,1.0172828473654865e-13,9.259853976038813e-14,1.1109427467229014e-15,1.7744273065021737e-18,9.490289009732725e-15,1.9601247811462214e-14,1.3018008739648996e-19,5.715108994235768e-21,3.2413550584888374e-29,6.913731978697137e-24,1.525533070225771e-16
4.667403389264875e-09,0.11224537202118387,0.0,0.0,0.0,0.0,0.32999999718557926,0.6699999973742188,2.79429177102353e-09,2.6056204995824683e-09,2.002736450796343e-11,2.0874484619838858e-10,6.339772251358847e-20,1.1136985050571978e-13,1.0143639283463722e-13,1.2716118305572251e-15,2.013886883754082e-18,1.0351331595659307e-14,2.1377010185957858e-14,1.4884357519120943e-19,6.832044010219204e-21,3.874831447446712e-29,8.639922264876198e-24,1.671305691453288e-16
4.8603702630822286e-09,0.11224537202126027,0.0,0.0,0.0,0.0,0.32999999706922006,0.6699999972585322,2.909742515097977e-09,2.7203959988303544e-09,2.0926553523976635e-11,2.1032362890108535e-10,6.624415518187264e-20,1.214495624501638e-13,1.1067997981775848e-13,1.4471556878950138e-15,2.273974281507001e-18,1.1250500645414327e-14,2.3231061229186538e-14,1.6919492717334232e-19,8.104917661008184e-21,4.5967494541981167e-29,1.0695228510140001e-23,1.8237944226121732e-16
5.053337136899582e-09,0.1122453720213188,0.0,0.0,0.0,0.0,0.32999999695286075,0.6699999971426855,3.025193043474215e-09,2.8353308367616855e-09,2.182565076103242e-11,2.1174295166605823e-10,6.909029899561703e-20,1.3196735289951458e-13,1.2032949454276216e-13,1.6382346596678031e-15,2.5555416783904103e-18,1.2187799414666372e-14,2.5163378574028892e-14,1.9130309501643465e-19,9.547441130120588e-21,5.414885473486948e-29,1.312452288277135e-23,1.9830045869498304e-16
5.246304010716936e-09,0.11224537202136149,0.0,0.0,0.0,0.0,0.32999999683650133,0.669999997026697,3.140643460569208e-09,2.9504073432596467e-09,2.2724552535531037e-11,2.130204844489941e-10,7.19358194718893e-20,1.4292304290552892e-13,1.3038502535890507e-13,1.8455089822535867e-15,2.8594414982621592e-18,1.316322542297219e-14,2.717392802938852e-14,2.1523652922275762e-19,1.1173863772914255e-20,6.337321129216776e-29,1.5976542750810244e-23,2.1489397736929184e-16
5.4392708845342895e-09,0.11224537202138989,0.0,0.0,0.0,0.0,0.3299999967201419,0.6699999969105818,3.2560935235533607e-09,3.06560996471907e-09,2.3623502697872373e-11,2.141717807132375e-10,7.478150566599707e-20,1.5431614666256323e-13,1.4084636061547617e-13,2.069639352106679e-15,3.1865260846801633e-18,1.4176769907293119e-14,2.926266244398196e-14,2.410632597115029e-19,1.299896772200566e-20,7.372440211572871e-29,1.9304017904274377e-23,2.321598642521631e-16
5.632237758351643e-09,0.11224537202140564,0.0,0.0,0.0,0.0,0.3299999966037823,0.6699999967943533,3.371543112807465e-09,3.180925138195781e-09,2.452262176865745e-11,2.152104032793009e-10,7.762771399244439e-20,1.6614627949644009e-13,1.5171339512712247e-13,2.3112857496962062e-15,3.537647432137566e-18,1.5228418199853268e-14,3.142952249040877e-14,2.6885073999048167e-19,1.5038065586626547e-20,8.528927378972251e-29,2.3163811037217308e-23,2.500981603371543e-16
5.825204632168997e-09,0.11224537202141013,0.0,0.0,0.0,0.0,0.3299999964874226,0.6699999966780238,3.4869924117063656e-09,3.2963407595777167e-09,2.542172700246108e-11,2.1614845614889076e-10,8.047390505486928e-20,1.78413315113341e-13,1.6298628550048032e-13,2.571106974733834e-15,3.913657477981189e-18,1.6318151326546585e-14,3.367443998735117e-14,2.986657914074124e-19,1.7306995943963777e-20,9.81576558998165e-29,2.7617079783143547e-23,2.6870933680403994e-16
6.0181715059863505e-09,0.1122453720214047,0.0,0.0,0.0,0.0,0.3299999963710628,0.6699999965616049,3.602441572409285e-09,3.4118456831801597e-09,2.632066689013232e-11,2.1699708490509738e-10,8.331947094271263e-20,1.9111709739946564e-13,1.7466516138073144e-13,2.8497614619701786e-15,4.315408562233059e-18,1.7445947511318985e-14,3.599734102752526e-14,3.305747226183074e-19,1.9822116185457558e-20,1.1242232069891497e-28,3.272943953845281e-23,2.879938203857513e-16
6.211138379803704e-09,0.11224537202139026,0.0,0.0,0.0,0.0,0.3299999962547029,0.6699999964451059,3.7178904176799057e-09,3.5274298277408204e-09,2.7219619596416764e-11,2.1776637071827125e-10,8.616534647951714e-20,2.042571817637859e-13,1.8674986782974444e-13,3.1479080252266274e-15,4.743753224247036e-18,1.861178185782329e-14,3.839814531629125e-14,3.6464343527589503e-19,2.2600296582073323e-20,1.281789487611183e-28,3.8571095701934194e-23,3.0795157003442423e-16
6.404105253621058e-09,0.1122453720213678,0.0,0.0,0.0,0.0,0.32999999613834285,0.6699999963285358,3.833338732012375e-09,3.6430845740262376e-09,2.8118801579305878e-11,2.1846493274327202e-10,8.901123015027843e-20,2.1783308629710403e-13,1.9924021685758852e-13,3.4662051429385034e-15,5.1995435509863586e-18,1.98156251540649e-14,4.087676368547188e-14,4.0093732797212837e-19,2.5658917991945793e-20,1.4552611789325691e-28,4.521695686783305e-23,3.2858249041255335e-16
6.5970721274384115e-09,0.1122453720213383,0.0,0.0,0.0,0.0,0.3299999960219827,0.6699999962119016,3.948786691493596e-09,3.758802589329572e-09,2.9018037356358188e-11,2.1910010362008673e-10,9.185926289235742e-20,2.318446647183487e-13,2.121363588094598e-13,3.8053098823871676e-15,5.683631221108772e-18,2.1057444399475038e-14,4.343309918727063e-14,4.395211543282829e-19,2.901586939986976e-20,1.6456528398760022e-28,5.2746773425649084e-23,3.4988704227578714e-16
6.790039001255765e-09,0.11224537202130255,0.0,0.0,0.0,0.0,0.32999999590562257,0.669999996095211,4.064234541477993e-09,3.8745769598032135e-09,2.991708211447773e-11,2.1967879713328114e-10,9.470470464282016e-20,2.462918294954084e-13,2.2543850388820929e-13,4.165878677078316e-15,6.196868442700725e-18,2.2337205413013483e-14,4.6067052516656126e-14,4.804591394732476e-19,3.2689540294652194e-20,1.8540074844491784e-28,6.124531533039608e-23,3.718657846323636e-16
6.983005875073119e-09,0.11224537202126117,0.0,0.0,0.0,0.0,0.32999999578926226,0.6699999959784697,4.179682207806451e-09,3.9904012585009726e-09,3.081601082741142e-11,2.202074401704207e-10,9.7549140679739e-20,2.611742147778285e-13,2.3914658624325264e-13,4.548568295036802e-15,6.740107713845758e-18,2.365487262898205e-14,4.877852158790215e-14,5.238151168729772e-19,3.669881401996034e-20,2.0813960812903882e-28,7.080251194603417e-23,3.945188226983464e-16
7.1759727488904725e-09,0.11224537202121479,0.0,0.0,0.0,0.0,0.32999999567290184,0.669999995861684,4.295129505152906e-09,4.106269849364238e-09,3.171500972680617e-11,2.2069166873870033e-10,1.0039466639263977e-19,2.7649135609120307e-13,2.5326044398496925e-13,4.954035327447415e-15,7.314201361488953e-18,2.501040818318627e-14,5.156739963419606e-14,5.696524595883205e-19,4.106306603685325e-20,2.3289175082272034e-28,8.151353606775084e-23,4.1784610379063727e-16
7.368939622707826e-09,0.11224537202116391,0.0,0.0,0.0,0.0,0.3299999955565413,0.6699999957448577,4.410576406299144e-09,4.222177994112754e-09,3.261410679344014e-11,2.2113622107514456e-10,1.0324147071038476e-19,2.9224292336558264e-13,2.677800518352559e-13,5.3829355201439536e-15,7.920001338346755e-18,2.640377159138106e-14,5.44335745378916e-14,6.180339932507793e-19,4.580216015337808e-20,2.5976983545333152e-28,9.347895746369549e-23,4.4184779973592243e-16
7.56190649652518e-09,0.11224537202110905,0.0,0.0,0.0,0.0,0.32999999544018066,0.6699999956279955,4.526023045873109e-09,4.338121572065693e-09,3.3513168017382085e-11,2.2154521782299554e-10,1.0608777929287765e-19,3.084287249498537e-13,2.827055243558403e-13,5.835923756247298e-15,8.558359526288429e-18,2.7834920591251192e-14,5.737693058006407e-14,6.6902200066743055e-19,5.093644277343268e-20,2.888892595226578e-28,1.0680491446293091e-22,4.665243121847051e-16
7.754873370342533e-09,0.1122453720210507,0.0,0.0,0.0,0.0,0.3299999953238199,0.6699999955111015,4.6414695016491805e-09,4.454096729878624e-09,3.441211628933775e-11,2.219225122915259e-10,1.0893411673663407e-19,3.250485190783421e-13,2.980369269903002e-13,6.3136545909690654e-15,9.230128086793833e-18,2.9303812195232794e-14,6.03973506293943e-14,7.226783011419211e-19,5.648673726769504e-20,3.2036812350129925e-28,1.2160324806191774e-22,4.918759620212745e-16
7.947840244159885e-09,0.11224537202098919,0.0,0.0,0.0,0.0,0.32999999520745904,0.669999995394179,4.756915685275884e-09,4.570099833093139e-09,3.5311040767900635e-11,2.222717389059648e-10,1.1177801474754574e-19,3.421019193296191e-13,3.13774181660229e-13,6.816782521584891e-15,9.93615938185417e-18,3.0810402836196757e-14,6.349471644552386e-14,7.790642908717208e-19,6.247434014863335e-20,3.5432721495029503e-28,1.3799159949402255e-22,5.179028341486445e-16
8.140807117977238e-09,0.11224537202092488,0.0,0.0,0.0,0.0,0.32999999509109806,0.6699999952772311,4.87236148120511e-09,4.6861276781248074e-09,3.6210057828677206e-11,2.2259610122148917e-10,1.1462751374116203e-19,3.5958851440767735e-13,3.299171867847087e-13,7.3459616460177e-15,1.0677305621732603e-17,3.2354647730186055e-14,6.66689073539981e-14,8.382408986597065e-19,6.892101822547028e-20,3.908899780059546e-28,1.5609351665038367e-22,5.446049747648671e-16
8.333773991794591e-09,0.11224537202085809,0.0,0.0,0.0,0.0,0.329999994974737,0.6699999951602605,4.987806911730137e-09,4.802177611354966e-09,3.710914588254197e-11,2.2289825283252216e-10,1.1746436875887756e-19,3.7750801085253207e-13,3.4646595990701454e-13,7.901845254427074e-15,1.1454418751002697e-17,3.393650051826055e-14,6.99197995006339e-14,9.002685341069712e-19,7.584900464653821e-20,4.301825283385307e-28,1.7603859714896132e-22,5.719826257765625e-16
8.526740865611944e-09,0.11224537202078903,0.0,0.0,0.0,0.0,0.3299999948583758,0.6699999950432695,5.103252092870565e-09,4.918247349405282e-09,3.800818953002903e-11,2.2318047709654196e-10,1.2031340867734667e-19,3.958601952440841e-13,3.634205995098182e-13,8.485085934385476e-15,1.2268350735644116e-17,3.5555913806518837e-14,7.324726697314219e-14,9.652071089479107e-19,8.32809924475938e-20,4.723335451810275e-28,1.9796267316769516e-22,6.000361622228804e-16
8.719707739429297e-09,0.11224537202071803,0.0,0.0,0.0,0.0,0.32999999474201447,0.6699999949262606,5.218697067340859e-09,5.0343347460154245e-09,3.8907146738919716e-11,2.2344492025426933e-10,1.2313548608439724e-19,4.1464479022538076e-13,3.807811408094325e-13,9.096335980593297e-15,1.3119953758722031e-17,3.721283986679351e-14,7.665118325801122e-14,1.0331160976205575e-18,9.124013026590758e-20,5.174743579524618e-28,2.220079132655593e-22,6.287658550587593e-16
8.91267461324665e-09,0.1122453720206453,0.0,0.0,0.0,0.0,0.32999999462565305,0.6699999948092356,5.3341417347826855e-09,5.1504377417748125e-09,3.9806118672666884e-11,2.2369364169745453e-10,1.2606100027306925e-19,4.338613939569851e-13,3.985474952442485e-13,9.736247566365642e-15,1.4010080051912526e-17,3.890723078780673e-14,8.013142155562564e-14,1.104054562895254e-18,9.975002004300586e-20,5.657386926781343e-28,2.4832288039911787e-22,6.581717719755518e-16
9.105641487064002e-09,0.11224537202057092,0.0,0.0,0.0,0.0,0.3299999945092915,0.669999994692196,5.4495860668663975e-09,5.266554606628269e-09,4.0705134401052435e-11,2.239283714654424e-10,1.2888169710631612e-19,4.5350966633738705e-13,4.1671963682725655e-13,1.0405472213085717e-14,1.4939581607078355e-17,4.063903774609781e-14,8.368785326392042e-14,1.1780810870358614e-18,1.0883471304056448e-19,6.172631726617984e-28,2.7706268369230036e-22,6.882540828601668e-16
9.298608360881355e-09,0.11224537202049513,0.0,0.0,0.0,0.0,0.3299999943929299,0.6699999945751434,5.565030100799996e-09,5.38268387162749e-09,4.160415739727076e-11,2.241505784930868e-10,1.3184711770207896e-19,4.735893227718078e-13,4.352975957411184e-13,1.1104660804842492e-14,1.5909310375185122e-17,4.240821121098919e-14,8.732034840347658e-14,1.2552537787720337e-18,1.1851870504401384e-19,6.721864701645652e-28,3.083891197152697e-22,7.190130506610795e-16
9.491575234698708e-09,0.11224537202041815,0.0,0.0,0.0,0.0,0.3299999942765681,0.6699999944580793,5.680473872948083e-09,5.498824201953992e-09,4.250315197727415e-11,2.2436159758664724e-10,1.3429317694634594e-19,4.94100078378228e-13,4.5428140235712164e-13,1.1834463750583888e-14,1.692011845595332e-17,4.4214701326083337e-14,9.10287764099164e-14,1.3356303017624072e-18,1.2882693022588618e-19,7.306506856513986e-28,3.424708444092498e-22,7.504489371749214e-16
9.684542108516061e-09,0.11224537202034006,0.0,0.0,0.0,0.0,0.32999999416020614,0.669999994341005,5.7959173715198146e-09,5.614974338545805e-09,4.340213065315625e-11,2.2456268779656048e-10,1.38013434177349e-19,5.15041603783933e-13,4.736710429870145e-13,1.2595531099965853e-14,1.7972858052042673e-17,4.605845808465699e-14,9.481300649870407e-14,1.4192678945916956e-18,1.3978475695800406e-19,7.927978489240095e-28,3.7948349029603543e-22,7.825619358184432e-16
9.877508982333414e-09,0.11224537202026098,0.0,0.0,0.0,0.0,0.3299999940438441,0.6699999942239214,5.911360563189326e-09,5.731133142971099e-09,4.43011274893887e-11,2.247549875442089e-10,1.3865037698307329e-19,5.364135566772508e-13,4.934664914914137e-13,1.3388512477400402e-14,1.9068381279831977e-17,4.7939431194769717e-14,9.86729073851326e-14,1.5062233636934847e-18,1.5141798573497584e-19,8.587787809427004e-28,4.196097324124728e-22,8.153522093577118e-16
9.999999999999999e-09,0.11224537202018102,0.0,0.0,0.0,0.0,0.32999999396998003,0.669999994149595,5.984641135024268e-09,5.804872182993162e-09,4.487180244481912e-11,2.2487293963749124e-10,1.4175006100124606e-19,5.502031703910151e-13,5.062427459478485e-13,1.3908733873616345e-14,1.9786381659239182e-17,4.915271745275701e-14,1.0116228774406112e-13,1.563167947566775e-18,1.5916487093065273e-19,9.027144401726591e-28,4.467826806229793e-22,8.365182384024393e-16
1.0070475856150767e-08,0.11224537202018102,0.0,0.0,0.0,0.0,0.32999999392748197,0.6699999941068295,6.0268034457506195e-09,5.8472996535755045e-09,4.520014540197549e-11,2.2493945847513162e-10,1.4701451128835647e-19,5.582156059585468e-13,5.136677334536879e-13,1.421405695189045e-14,2.0207540103129618e-17,4.9857569910425214e-14,1.0260834693309637e-13,1.5965530680164141e-18,1.6375284662052882e-19,9.287311054809268e-28,4.630393722538598e-22,8.488199646762667e-16
1.026344272996812e-08,0.11224537202010028,0.0,0.0,0.0,0.0,0.3299999938111197,0.6699999939897303,6.142246051532237e-09,5.9634730608617835e-09,4.609915274096071e-11,2.2511691007911544e-10,1.4806901007961239e-19,5.804474757837641e-13,5.342748101453961e-13,1.507281302797546e-14,2.1391186485057596e-17,5.1812823105390194e-14,1.0661919230757593e-13,1.6903129232765364e-18,1.7681599375142739e-19,1.0028214905554086e-27,5.099695011825975e-22,8.829654577023357e-16
1.0456409603785472e-08,0.11224537202001882,0.0,0.0,0.0,0.0,0.32999999369475735,0.6699999938726242,6.2576884008327405e-09,6.07965262881782e-09,4.699812989578668e-11,2.2528807836150597e-10,1.6496185152993343e-19,6.031088414037215e-13,5.552877142629962e-13,1.5965428759821313e-14,2.262017250589349e-17,5.380513950952623e-14,1.107053104654181e-13,1.7875584223912693e-18,1.906345005488959e-19,1.0811796302775864e-27,5.606046352972019e-22,9.17788927323647e-16
1.0649376477602825e-08,0.11224537201993671,0.0,0.0,0.0,0.0,0.3299999935783949,0.6699999937555122,6.3731304675011404e-09,6.195837640717443e-09,4.789710374501529e-11,2.2545368004186644e-10,1.203928265259065e-19,6.261994381241213e-13,5.767064988227575e-13,1.6892551835198105e-14,2.3895350289584623e-17,5.583446787163744e-14,1.1486656849412046e-13,1.8883446503718927e-18,2.0523585633363927e-19,1.164041088335181e-27,6.151568104368075e-22,9.532905464579043e-16
1.0842343351420178e-08,0.11224537201985413,0.0,0.0,0.0,0.0,0.3299999934620323,0.669999993638395,6.488572221692051e-09,6.312027443734182e-09,4.87961048638412e-11,2.2561436794064834e-10,2.376180396100578e-19,6.497186972254474e-13,5.985309130960604e-13,1.785482946934646e-14,2.5217571838073578e-17,5.790075682531375e-14,1.1910283333319504e-13,1.9927262727053486e-18,2.206479633474931e-19,1.2513340687755253e-27,6.738456775505971e-22,9.894704826982068e-16
1.103531022523753e-08,0.11224537201977106,0.0,0.0,0.0,0.0,0.3299999933456695,0.6699999935212729,6.604013691441533e-09,6.428221527785919e-09,4.9695105894434686e-11,2.2577065213524077e-10,2.024515916232498e-19,6.73666637098935e-13,6.207612938082307e-13,1.8852908253358227e-14,2.6587689103804394e-17,6.000395465178624e-14,1.234139712803188e-13,2.100757518986114e-18,2.3689913217825826e-19,1.343542866116102e-27,7.368986467867402e-22,1.026328985815338e-15
1.1228277099054884e-08,0.11224537201968751,0.0,0.0,0.0,0.0,0.3299999932293066,0.6699999934041465,6.719454906577619e-09,6.544419456412594e-09,5.0594077684425406e-11,2.2592296908165786e-10,3.855272378044492e-19,6.980425925765381e-13,6.433972944165728e-13,1.9887434292406418e-14,2.8006554090004094e-17,6.21440094875946e-14,1.2779984842264845e-13,2.2124922051731885e-18,2.5401807839387967e-19,1.4404484757125633e-27,8.045509797542379e-22,1.0638663081467474e-15
1.1421243972872236e-08,0.11224537201960356,0.0,0.0,0.0,0.0,0.32999999311294365,0.6699999932870161,6.8348958544527186e-09,6.6606207958934295e-09,5.1493033593293156e-11,2.260717524966451e-10,-2.1663039438158296e-19,7.228472356997456e-13,6.664399057923021e-13,2.0959053314145178e-14,2.9475018865696686e-17,6.43208695375166e-14,1.3226033107925594e-13,2.3279837530869457e-18,2.7203391789035066e-19,1.5432498464794134e-27,8.770459183086213e-22,1.1020826417326001e-15
1.161421084668959e-08,0.11224537201951933,0.0,0.0,0.0,0.0,0.32999999299658056,0.6699999931698825,6.9503365028429295e-09,6.77682511894121e-09,5.2392006573187484e-11,2.2621742966344893e-10,1.103456357755643e-18,7.480775104908065e-13,6.898863909434454e-13,2.2068410611313805e-14,3.0993935478367853e-17,6.653448306335436e-14,1.3679528577781773e-13,2.4472851865801095e-18,2.9097616286674164e-19,1.649325191636551e-27,9.546348124458656e-22,1.1409781507909553e-15
1.2000144594324297e-08,0.11224537201934986,0.0,0.0,0.0,0.0,0.32999999276385394,0.6699999929356054,7.181216961131426e-09,7.009241431037924e-09,5.418994652724594e-11,2.265007499401742e-10,1.7153195821807714e-19,7.998230619516824e-13,7.380003665299743e-13,2.440291832058227e-14,3.418653210977273e-17,7.107176269526833e-14,1.4608807600019812e-13,2.6975277431362496e-18,3.3175987434766656e-19,1.8815987178118063e-27,1.1261411579975909e-21,1.220807620223028e-15
1.2332321533695266e-08,0.11224537201920325,0.0,0.0,0.0,0.0,0.3299999925635435,0.6699999927339523,7.379937118444436e-09,7.209291179569437e-09,5.5737457018299366e-11,2.2673745078851418e-10,1.7441845476703115e-19,8.457266969313123e-13,7.807115513218052e-13,2.6539128162834518e-14,3.7103964914776475e-17,7.509428336557732e-14,1.5432376441627268e-13,2.925602891808763e-18,3.7011277122413837e-19,2.0991219312338647e-27,1.292580739343962e-21,1.2916950971424549e-15
1.2664498473066235e-08,0.11224537201905607,0.0,0.0,0.0,0.0,0.3299999923632327,0.6699999925322929,7.578656451650086e-09,7.4093459207345234e-09,5.728496445091334e-11,2.2696879542761746e-10,2.441371184933303e-19,8.928927895659748e-13,8.246251900252247e-13,2.879617425390091e-14,4.018282084524757e-17,7.92249879451561e-14,1.627782642604281e-13,3.1656930770115636e-18,4.116398397797539e-19,2.334578826072834e-27,1.4779764290190157e-21,1.3645981917115288e-15
1.2996675412437204e-08,0.1122453720189084,0.0,0.0,0.0,0.0,0.3299999921629215,0.6699999923306279,7.777374970920369e-09,7.609404681799577e-09,5.883246219209618e-11,2.271957565818176e-10,1.812651754767902e-19,9.413199069509685e-13,8.697414824084653e-13,3.1177333061172497e-14,4.342744586161137e-17,8.346361120856986e-14,1.7145089469127716e-13,3.4180567217878344e-18,4.565033539880506e-19,2.5890952140357884e-27,1.6838691946291163e-21,1.4395179891967561e-15
1.3328852351808174e-08,0.11224537201876034,0.0,0.0,0.0,0.0,0.3299999919626099,0.6699999921289579,7.976092680452188e-09,7.809466669269495e-09,6.037994958296588e-11,2.2741912773857263e-10,1.8665027062863502e-19,9.910062095359349e-13,9.160602228340928e-13,3.368587671813464e-14,4.684218587116812e-17,8.780988807024583e-14,1.8034097595067337e-13,3.682948836778764e-18,5.048689211066085e-19,2.863403440361301e-27,1.9118793639119285e-21,1.5164555663402092e-15
1.3661029291179143e-08,0.11224537201861194,0.0,0.0,0.0,0.0,0.3299999917622979,0.6699999919272839,8.174809581950635e-09,8.009531235582767e-09,6.19274284526574e-11,2.2763955645306613e-10,1.9897258765218638e-19,1.0419501166909466e-12,9.63581465706063e-13,3.6325073015493505e-14,5.043138672593887e-17,9.226355368244702e-14,1.89447829563259e-13,3.960621073720899e-18,5.5690542547443935e-19,3.1585245019823947e-27,2.163708163988372e-21,1.59541199631221e-15
1.3993206230550112e-08,0.11224537201846335,0.0,0.0,0.0,0.0,0.3299999915619855,0.6699999917256063,8.37352567732241e-09,8.209597837257905e-09,6.347490042354365e-11,2.2785758620141524e-10,1.9921756373834523e-19,1.0941500047929544e-12,1.0123052233202123e-12,3.909818599625999e-14,5.4199394231435644e-17,9.68243434657024e-14,1.9877077828722306e-13,4.251322234394084e-18,6.127845288340176e-19,3.475451584495529e-27,2.4411277946810122e-21,1.6763883525474448e-15
1.4325383169921081e-08,0.1122453720183145,0.0,0.0,0.0,0.0,0.32999999136167274,0.6699999915239256,8.572240969376058e-09,8.409666046551645e-09,6.502236620890508e-11,2.2807364472256964e-10,2.061944475215902e-19,1.1476042121144814e-12,1.0622314709579422e-12,4.200847474462122e-14,5.81505541332062e-17,1.0149199325918055e-13,2.083091466409462e-13,4.555297404879315e-18,6.726815109143588e-19,3.8151594251926284e-27,2.746005871377284e-21,1.7593857097372612e-15
1.498973704866302e-08,0.11224537201801639,0.0,0.0,0.0,0.0,0.32999999096104604,0.6699999911205557,8.969669157167947e-09,8.809805911222996e-09,6.811727964304441e-11,2.285012248409381e-10,2.156288670174701e-19,1.258269035652608e-12,1.1656914395852588e-12,4.82535950335005e-14,6.661971386566256e-17,1.1114681843406306e-13,2.280294485931396e-13,5.204034950974475e-18,8.05244975555071e-19,4.5670029060465194e-27,3.446021943939522e-21,1.931447729113144e-15
1.5587655539530768e-08,0.11224537201774769,0.0,0.0,0.0,0.0,0.3299999906004805,0.6699999907575153,9.327351814468976e-09,9.169934379831074e-09,7.090268015742638e-11,2.2888221297139265e-10,2.238981883418711e-19,1.3621406803005841e-12,1.2629178981665047e-12,5.437595203117447e-14,7.4911934321342e-17,1.2019898155697625e-13,2.465077139220928e-13,5.835691027174275e-18,9.401133972568982e-19,5.331919333244834e-27,4.1904232165325914e-21,2.093226161517937e-15
1.6284402593322536e-08,0.11224537201743431,0.0,0.0,0.0,0.0,0.3299999901803163,0.6699999903344604,9.744151796936341e-09,9.589589380127998e-09,7.414844744009154e-11,2.2932295646361058e-10,2.3496027707481185e-19,1.4882752202117266e-12,1.3811298606635356e-12,6.213597355220352e-14,8.541042577622652e-17,1.311788915130097e-13,2.6890732992811443e-13,6.630728117106242e-18,1.1173920984064035e-18,6.337367340714746e-27,5.212828742516831e-21,2.290027073406495e-15
1.6981149647114305e-08,0.11224537201712079,0.0,0.0,0.0,0.0,0.32999998976015027,0.6699999899113978,1.0160948350975888e-08,1.0009245083241697e-08,7.739418786753472e-11,2.2976139734239538e-10,2.458924878121549e-19,1.6198783395283024e-12,1.5046321469298324e-12,7.059787544526918e-14,9.684658169213146e-17,1.426209866610561e-13,2.922344276488173e-13,7.491222665653953e-18,1.3180357392460476e-18,7.475331442912456e-27,6.423663396735606e-21,2.4957521842668607e-15
1.7677896700906073e-08,0.11224537201680716,0.0,0.0,0.0,0.0,0.3299999893399824,0.6699999894883287,1.0577741508189117e-08,1.0428900637617365e-08,8.063990194557115e-11,2.3019838715077408e-10,2.552045239513338e-19,1.7569348335001954e-12,1.6334247107342602e-12,7.979141475989202e-14,1.0926050185738667e-16,1.5452286849345723e-13,3.164829109336211e-13,8.419215588757065e-18,1.5438758565809864e-18,8.756200872230845e-27,7.846802097127505e-21,2.7104114195140825e-15
1.8374643754697842e-08,0.1122453720164935,0.0,0.0,0.0,0.0,0.3299999889198126,0.6699999890652532,1.0994531300439424e-08,1.0848555508258856e-08,8.38855898044148e-11,2.3063446087598114e-10,2.647031651887213e-19,1.8994294829231933e-12,1.767507503342488e-12,8.974625206556005e-14,1.226922849954882e-16,1.6688215202344569e-13,3.4164672820290653e-13,9.416686493444917e-18,1.7968030869896145e-18,1.0190696655766379e-26,9.508292061328628e-21,2.9340147051207695e-15
1.907139080848961e-08,0.11224537201617983,0.0,0.0,0.0,0.0,0.3299999884996409,0.669999988642172,1.1411317759528229e-08,1.1268209369064713e-08,8.713125154903372e-11,2.3106994461246647e-10,2.7589534035499614e-19,2.047347060334946e-12,1.9068804767036955e-12,1.0049197350861632e-13,1.3718202902559196e-16,1.796964627800232e-13,3.6771986239884813e-13,1.0485568169104324e-17,2.0787531671388395e-18,1.1789795916676537e-26,1.1435869853012539e-20,3.1665719671032583e-15
1.976813786228138e-08,0.1122453720158662,0.0,0.0,0.0,0.0,0.3299999880794672,0.6699999882190851,1.1828100917053037e-08,1.1687862000134221e-08,9.037688740954927e-11,2.315050582548943e-10,2.860930762327119e-19,2.200672335387802e-12,2.0515435871821967e-12,1.1205809743488453e-13,1.5276983113799506e-16,1.9296343605639697e-13,3.9469632816490624e-13,1.1627752360041007e-17,2.3917012682220813e-18,1.3564703752550792e-26,1.365885725098309e-20,3.4080931313632565e-15
2.0464884916073148e-08,0.1122453720155526,0.0,0.0,0.0,0.0,0.3299999876592914,0.6699999877959927,1.2244880804428386e-08,1.2107513297029398e-08,9.362249767252333e-11,2.3193990623624078e-10,2.9636722954307375e-19,2.359390063511881e-12,2.201496787861875e-12,1.2447403300887336e-13,1.694957873636439e-16,2.0668072296253497e-13,4.225701912469001e-13,1.2845066401204873e-17,2.7376843290611025e-18,1.5526971712916514e-26,1.6209177260948272e-20,3.658588123833853e-15
2.185837902365669e-08,0.11224537201492568,0.0,0.0,0.0,0.0,0.3299999868189339,0.6699999869497915,1.3078430894080353e-08,1.2946811558184079e-08,1.0011364237679395e-10,2.3280913530916337e-10,3.169153046310314e-19,2.692941873626206e-12,2.5172732788346257e-12,1.519725559848378e-13,2.0652254196748545e-16,2.3545690316684817e-13,4.80986567775484e-13,1.5512163987866153e-17,3.537121793454922e-18,2.0061039266075862e-26,2.243003319785961e-20,4.186539297975496e-15
2.325187313124023e-08,0.11224537201429897,0.0,0.0,0.0,0.0,0.3299999859785678,0.6699999861035688,1.3911968277926929e-08,1.3786103906263455e-08,1.0660468764665017e-10,2.336778780618729e-10,3.374615222221494e-19,3.047880402664073e-12,2.854209592257232e-12,1.8322092355304e-13,2.485830416766919e-16,2.6600648658268986e-13,5.429223962613125e-13,1.8500452515981256e-17,4.494339833856836e-18,2.548997099262576e-26,3.040146847210216e-20,4.750504900041718e-15
2.464536723882377e-08,0.11224537201367266,0.0,0.0,0.0,0.0,0.3299999851381932,0.6699999852573247,1.4745493204390522e-08,1.462539006776656e-08,1.1309563536959555e-10,2.3454640796041463e-10,3.580109543757204e-19,3.4240835129852308e-12,3.2123053753754106e-12,2.1845154326152842e-13,2.9599802579234056e-16,2.98311096107901e-13,6.083315252914818e-13,2.1823046262147894e-17,5.627063707900765e-18,3.191429701479612e-26,4.0452500460796737e-20,5.350564342208467e-15
2.603886134640731e-08,0.11224537201304662,0.0,0.0,0.0,0.0,0.3299999842978096,0.6699999844110595,1.5579005920331507e-08,1.5464669879723926e-08,1.1958648746674092e-10,2.354148879403531e-10,3.7855699302367695e-19,3.821429006561815e-12,3.591560281703825e-12,2.5789549121811653e-13,3.4908822075789525e-16,3.323525443768405e-13,6.771684066453759e-13,2.549242307218183e-17,6.953618635244328e-18,3.9437950197306457e-26,5.29481553319698e-20,5.986797038555734e-15
2.743235545399085e-08,0.11224537201242098,0.0,0.0,0.0,0.0,0.3299999834574169,0.6699999835647733,1.6412506670984022e-08,1.630394329744734e-08,1.2607724585661981e-10,2.3628336265705924e-10,3.9910528796881623e-19,4.239794635989185e-12,3.991973971419532e-12,3.017824231596202e-13,4.0817433960332326e-16,3.6811284475338993e-13,7.493881288854976e-13,2.952041374042689e-17,8.492937073154818e-18,4.8168307387033827e-26,6.829279075207054e-20,6.659282405274818e-15
2.882584956157439e-08,0.11224537201179564,0.0,0.0,0.0,0.0,0.3299999826170148,0.669999982718466,1.724599570003188e-08,1.7143210324345546e-08,1.3256791244498395e-10,2.3715182866940666e-10,4.1965045876287445e-19,4.679058127031949e-12,4.4135461110901204e-12,3.5034062939978166e-13,4.735770828788847e-16,4.055742014822921e-13,8.249463840380489e-13,3.3918269895999446e-17,1.0264491148299784e-17,5.821580621847038e-26,8.69298078731284e-20,7.368099860635898e-15
3.161283777674147e-08,0.112245372010546,0.0,0.0,0.0,0.0,0.3299999809361813,0.6699999810257878,1.8912939557766913e-08,1.8821725218223838e-08,1.455489777403304e-10,2.3888872189395256e-10,4.607434087127272e-19,5.619789628412019e-12,5.320164448553198e-12,4.623749345033019e-13,6.24615165424024e-16,4.855301495397865e-13,9.859051881170327e-13,4.3865139956917266e-17,1.4585365233996374e-17,8.272196114078427e-26,1.3612640883280078e-19,8.8950487240268e-15
3.7186814207075635e-08,0.11224537200805118,0.0,0.0,0.0,0.0,0.32999997757439126,0.6699999776401783,2.224669713507941e-08,2.2178678313244476e-08,1.7151008877889377e-10,2.4236240529815047e-10,5.429247575392934e-19,7.746650305666863e-12,7.38728866726747e-12,7.523657574585236e-13,1.0166001475724417e-15,6.650958229321199e-13,1.3460112207272736e-12,6.862977734591215e-17,2.6927762260774988e-17,1.5272277636688848e-25,2.9899546558742486e-19,1.2388426182020778e-14
4.27607906374098e-08,0.11224537200556241,0.0,0.0,0.0,0.0,0.329999974212424,0.6699999742542307,2.5580293722053625e-08,2.5535529135113064e-08,1.974699381306124e-10,2.4583596575215897e-10,6.251021124423616e-19,1.0194201184628685e-11,9.792913718887964e-12,1.1420126575340416e-12,1.5455642462696224e-15,8.699730451505921e-13,1.754845752508958e-12,1.0035372009605376e-16,4.5364984227139913e-17,2.5729084580556947e-25,5.845539998648525e-19,1.6472012868171954e-14
4.833476706774396e-08,0.11224537200307992,0.0,0.0,0.0,0.0,0.3299999708502648,0.6699999708679453,2.8913744024125098e-08,2.8892277659698095e-08,2.2342864050948307e-10,2.4930942531526377e-10,7.072758365312695e-19,1.2954657588723082e-11,1.2537021827083773e-11,1.6451363878460405e-12,2.2320262814017273e-15,1.0991270994307207e-12,2.2098972406206315e-12,1.395202517548613e-16,7.135440470389096e-17,4.0469177346908686e-25,1.0466142771096442e-18,2.1150892703673003e-14
5.390874349807812e-08,0.11224537200060405,0.0,0.0,0.0,0.0,0.3299999674878991,0.6699999674813217,3.2247062361124024e-08,3.224892388543453e-08,2.4938630762504163e-10,2.527827834818054e-10,7.894462834371788e-19,1.6020274110006022e-11,1.5619596719806307e-11,2.2752135965111796e-12,3.0965029697929954e-15,1.3515662754832853e-12,2.7087858152724196e-12,1.8654023060884943e-16,1.0641374514745535e-16,6.0353343103689035e-25,1.7509796584455645e-18,2.6430150089488456e-14
5.948271992841228e-08,0.11224537199813497,0.0,0.0,0.0,0.0,0.3299999641253129,0.66999996409436,3.558026266940444e-08,3.560546781473129e-08,2.7534304819805894e-10,2.5625603577355705e-10,8.716137973214549e-19,1.9383358185429975e-11,1.904062359635653e-11,3.0453773520458634e-12,4.1595092550085905e-15,1.6263402823927721e-12,3.249257006374776e-12,2.4176838932141196e-16,1.5210430736283583e-16,8.626708594853209e-25,2.7759215428255498e-18,3.231486988745695e-14
7.06306727890806e-08,0.11224537199321817,0.0,0.0,0.0,0.0,0.32999995739942445,0.6699999573194219,4.224636318264704e-08,4.2318248776624884e-08,3.2725417086237684e-10,2.6320222184228766e-10,1.0359413591860656e-18,2.6971495990310502e-11,2.6897980692306548e-11,5.056908181984883e-12,6.9631646673926215e-15,2.239272771232714e-12,4.446467788715184e-12,3.780963437882377e-16,2.817353225808804e-16,1.597882841505571e-24,6.1611434989731895e-18,4.5921038166918484e-14
8.177862564974893e-08,0.1122453719883312,0.0,0.0,0.0,0.0,0.32999995067249416,0.66999995054313,4.891214966561805e-08,4.9030620531427275e-08,3.791628206784515e-10,2.701479809440237e-10,1.2002610931137688e-18,3.565900008203111e-11,3.6109002253413195e-11,7.778128176870644e-12,1.0807089524733797e-14,2.931076183429345e-12,5.785728590262381e-12,5.506469060262036e-16,4.731766109630524e-16,2.6836564300633535e-24,1.2083595644406153e-17,6.201008469390687e-14
9.292657851041725e-08,0.11224537198347546,0.0,0.0,0.0,0.0,0.3299999439444226,0.6699999437654837,5.557772047694045e-08,5.574258305823513e-08,4.310697650535922e-10,2.770933174732588e-10,1.3645754283753917e-18,4.538727843711517e-11,4.667361822424842e-11,1.1302222569977429e-11,1.5855372481237506e-14,3.695455218519747e-12,7.2528399659407e-12,7.612404118726225e-16,7.3947085975782385e-16,4.19396421094287e-24,2.163285586251518e-17,8.062270244987733e-14
9.999999999999998e-08,0.11224537197865238,0.0,0.0,0.0,0.0,0.329999939674799,0.6699999394643367,5.980698298511019e-08,6.000113840301169e-08,4.640043800494204e-10,2.81499942698509e-10,1.4688317939802921e-18,5.2073630936455517e-11,5.4078792219516224e-11,1.3994965798024157e-11,1.975777034543973e-14,4.2154307308697536e-12,8.24414227616617e-12,9.153472639627604e-16,9.531757041599239e-16,5.406007259205581e-24,3.0154485258411943e-17,9.375961400290004e-14
1.0407453137108557e-07,0.11224537197865238,0.0,0.0,0.0,0.0,0.32999993721511583,0.6699999369864821,6.224316848833577e-08,6.245413634090983e-08,4.829757286174e-10,2.8403823107935997e-10,1.5288866588265338e-18,5.609945089651242e-11,5.859177789137261e-11,1.571736542268483e-11,2.227210342154774e-14,4.52661376304818e-12,8.835012307265581e-12,1.0115239658335434e-15,1.0936263825530906e-15,6.20258381727473e-24,3.6105719602386355e-17,1.0179958937632891e-13
1.152224842317539e-07,0.11224537197386311,0.0,0.0,0.0,0.0,0.3299999304844852,0.6699999302061247,6.890858128964505e-08,6.916528036441689e-08,5.348813948155451e-10,2.909827203267148e-10,1.6931969479527562e-18,6.774051684047111e-11,7.186344874445768e-11,2.110688384278078e-11,3.0221381734112614e-14,5.41921361512003e-12,1.0520719963211083e-11,1.3030335714739226e-15,1.5485565694364357e-15,8.782754516480431e-24,5.700485860236032e-17,1.255814475920509e-13
1.263704370924222e-07,0.11224537196910869,0.0,0.0,0.0,0.0,0.3299999237524473,0.6699999234244105,7.557404137262222e-08,7.587601511211148e-08,5.867874073391446e-10,2.9792678540896856e-10,1.8575083333943618e-18,8.02574708788316e-11,8.648861551658671e-11,2.754940865731396e-11,3.986732358317008e-14,6.368340878420482e-12,1.2299584380954342e-11,1.6372187053887184e-15,2.1170569318354264e-15,1.200704701832428e-23,8.603741340069276e-17,1.520089826556713e-13
1.3751838995309053e-07,0.11224537196439006,0.0,0.0,0.0,0.0,0.3299999170189235,0.6699999166413394,8.22396263091389e-08,8.258634056713872e-08,6.386943715114072e-10,3.04870426748335e-10,2.0218227313358903e-18,9.359937778197292e-11,1.0246727932020011e-10,3.511902421183755e-11,5.1374068044916483e-14,7.36947702071738e-12,1.4162275778570729e-11,2.015460974579273e-15,2.8117882273015603e-15,1.594726776583126e-23,1.2511339404442326e-16,1.8112290287601805e-13
1.4866634281375886e-07,0.11224537195970821,0.0,0.0,0.0,0.0,0.32999991028384,0.6699999098569106,8.890540899563851e-08,8.929625671327726e-08,6.906028561905016e-10,3.1181364415181214e-10,2.1861419425297584e-18,1.0771744116021491e-10,1.197994565228011e-10,4.388547725224319e-11,6.490578455013025e-14,8.418462506810047e-12,1.6100391984387507e-11,2.439097546442908e-15,3.6452557648667736e-15,2.067434156402874e-23,1.7634317206121455e-16,2.1296391840149286e-13
1.5981429567442718e-07,0.11224537195506373,0.0,0.0,0.0,0.0,0.3299999035471273,0.6699999030711232,9.55714578674469e-08,9.600576353427165e-08,7.425133954384977e-10,3.1875643747838644e-10,2.3504676575793885e-18,1.2256502929305555e-10,1.3848517782267667e-10,5.3914363471105786e-11,8.062667861687606e-14,9.511468277081073e-12,1.8106366046410634e-11,2.9094350286347168e-15,4.629798237163566e-15,2.6258248240457797e-23,2.420349468883127e-16,2.4757274045706223e-13
1.709622485350955e-07,0.11224537195045733,0.0,0.0,0.0,0.0,0.3299998968087203,0.6699998962839769,1.02237837106955e-07,1.0271486101355146e-07,7.944264901431346e-10,3.256988069198378e-10,2.514801462072997e-18,1.3809767272121148e-10,1.585244874000412e-10,6.526731145721862e-11,9.87009968526738e-14,1.0644970730649013e-11,2.0173387544109032e-11,3.4277547854364796e-15,5.777585244232895e-15,3.276800860125731e-23,3.246920655475616e-16,2.849900806115241e-13
1.8211020139576383e-07,0.1122453719458897,0.0,0.0,0.0,0.0,0.32999989006855807,0.6699998894954712,1.089046068468412e-07,1.0942354913481406e-07,8.463426096012481e-10,3.326407524175238e-10,2.6791448415960387e-18,1.5427304745238945e-10,1.799174421140794e-10,7.800216370011014e-11,1.1929303158216592e-13,1.1815728716705975e-11,2.229533158471971e-11,3.995314464406443e-15,7.1006185631727095e-15,4.027169163207029e-23,4.2701037708258267e-16,3.252566500555277e-13
2.0440610711710048e-07,0.11224537193687269,0.0,0.0,0.0,0.0,0.3299998765827425,0.6699998759143789,1.2223953936517836e-07,1.2283969723815958e-07,9.501856517930522e-10,3.465233713508685e-10,3.0078657990248285e-18,1.8839323871069298e-10,2.2676457296582756e-10,1.0783114638462246e-10,1.6868767524226598e-13,1.4257324598899641e-11,2.6682508868500228e-11,5.2830798797276796e-15,1.0319594747911634e-14,5.852835738956813e-23,7.023604832049236e-16,4.145003151558199e-13
2.2670201283843713e-07,0.11224537192801637,0.0,0.0,0.0,0.0,0.32999986308926593,0.6699998623278425,1.3557666330549754e-07,1.362542077142858e-07,1.0540457054814062e-09,3.604042937528979e-10,3.336640607310706e-18,2.246286583746941e-10,2.790272490463155e-10,1.4379535206396656e-10,2.301260267166282e-13,1.6815150984107187e-11,3.1230126476235466e-11,6.782398488677001e-15,1.437941072855529e-14,8.155390946570754e-23,1.093401074423751e-15,5.156293896952512e-13
2.489979185597738e-07,0.11224537191932364,0.0,0.0,0.0,0.0,0.32999984958776557,0.6699998487358576,1.489163346076483e-07,1.4966708043254988e-07,1.1579255488531802e-09,3.7428351998654553e-10,3.665478060960126e-18,2.627139501637143e-10,3.3670630409360216e-10,1.86239857450959e-10,3.0492448942323884e-13,1.9471330752279218e-11,3.5907565785012843e-11,8.502666454323547e-15,1.9370134935234022e-14,1.0985917776741536e-22,1.6283586556305355e-15,6.289694756148435e-13
2.7129382428111043e-07,0.11224537191079675,0.0,0.0,0.0,0.0,0.32999983607792516,0.669999835138421,1.622588630778619e-07,1.6307831526312822e-07,1.2618276001150046e-09,3.881610498594275e-10,3.99438581494196e-18,3.024131837963325e-10,3.9980270695852754e-10,2.3546611699544825e-10,3.944005469033676e-13,2.221072104722418e-11,4.0690008152495084e-11,1.0453019033535023e-14,2.537929597178369e-14,1.4394058738488003e-22,2.3382880797450807e-15,7.548461021849342e-13
2.935897300024471e-07,0.11224537190243761,0.0,0.0,0.0,0.0,0.32999982255946947,0.6699998215355294,1.7560451767991825e-07,1.764879120765952e-07,1.3657539587595891e-09,4.020368830423849e-10,4.3233705153183316e-18,3.435174847346593e-10,4.683175441429131e-10,2.9173686753794957e-10,4.998728378620077e-13,2.5020502795308704e-11,4.555736418712247e-11,1.2642331916124918e-14,3.2491963872312653e-14,1.8428061944431719e-22,3.2569929156556676e-15,8.935847070297475e-13
3.158856357237837e-07,0.11224537189424749,0.0,0.0,0.0,0.0,0.3299998090321595,0.6699998079271791,1.8895353135410223e-07,1.898958707435005e-07,1.4697064431535228e-09,4.159110194899467e-10,4.6524379182309125e-18,3.8584266600223484e-10,5.422520042694005e-10,3.552806159423319e-10,6.226612180403915e-13,2.7889827189787852e-11,5.049338297647731e-11,1.5079230869969435e-14,4.0790820084713235e-14,2.313482080247407e-22,4.420948412086681e-15,1.0455106186114535e-12
3.3818154144512037e-07,0.11224537188622755,0.0,0.0,0.0,0.0,0.32999979549578795,0.6699997943133671,2.0230610540132974e-07,2.033021911347068e-07,1.5736866247367201e-09,4.2978345910135227e-10,4.9815929981611684e-18,4.2922691187388334e-10,6.21607364241024e-10,4.262957377635798e-10,7.640868113087882e-13,3.080950976159418e-11,5.5484906914965743e-11,1.7772104864656443e-14,5.035622156026978e-14,2.8559910364701146e-22,5.8692265591636465e-15,1.2109490401009703e-12
3.60477447166457e-07,0.11224537187837863,0.0,0.0,0.0,0.0,0.3299997819501754,0.6699997806940906,2.1566241343402241e-07,2.1670687312141513e-07,1.6776958588458234e-09,4.4365420169440355e-10,5.3108400455035755e-18,4.735285128154373e-10,7.063849770852172e-10,5.049541884232886e-10,9.254720504774505e-13,3.3771771924520337e-11,6.052127175883084e-11,2.0729113388905046e-14,6.126626840881178e-14,3.4747625698514953e-22,7.643423072617112e-15,1.390225034714462e-12
3.8277335288779367e-07,0.11224537187070133,0.0,0.0,0.0,0.0,0.3299997683951666,0.6699997670693467,2.2902260489385004e-07,2.3010991657502698e-07,1.7817353121616646e-09,4.575232471430682e-10,5.640182753452085e-18,5.186236924947017e-10,7.965862614090116e-10,5.914048229517435e-10,1.108140708843914e-12,3.6770026003105425e-11,6.559383542768647e-11,2.3958189482517963e-14,7.359687342602489e-14,4.1741021319573644e-22,9.787586493672524e-15,1.583663512526455e-12
4.050692586091303e-07,0.11224537186319614,0.0,0.0,0.0,0.0,0.3299997548306279,0.6699997534391327,2.42386808162257e-07,2.435113213671923e-07,1.885805986981388e-09,4.713905953293622e-10,5.969624294834892e-18,5.644045886104582e-10,8.922126922491479e-10,6.857763410356152e-10,1.3134179244532272e-12,3.979869457899848e-11,7.069560078363708e-11,2.7467044840757083e-14,8.742182706459151e-14,4.958194804066496e-22,1.2348149527177004e-14,1.791589218646404e-12
4.2736516433046697e-07,0.11224537185586332,0.0,0.0,0.0,0.0,0.3299997412564435,0.669999739803446,2.557551333076764e-07,2.569110873698424e-07,1.9899087426566783e-09,4.852562461108864e-10,6.299167389978353e-18,6.107774156579851e-10,9.93265793087024e-10,7.88179893335497e-10,1.542630218919175e-12,4.285305610019998e-11,7.582090425928079e-11,3.12631778089686e-14,1.0281285723687759e-13,5.831108688925168e-22,1.537386246175842e-14,2.014326722612538e-12
4.496610700518036e-07,0.11224537184870317,0.0,0.0,0.0,0.0,0.3299997276725139,0.6699997261622841,2.691276745103031e-07,2.7030921445515866e-07,2.094044314516695e-09,4.991201993528885e-10,6.628814366608575e-18,6.576607987590111e-10,1.0997471288803325e-09,8.987113862401298e-10,1.7971055118657155e-12,4.592911287591408e-11,8.096515905165427e-11,3.5353880649543435e-14,1.1983968781649798e-13,6.796798228707646e-22,1.8915728449571315e-14,2.2522004088987265e-12
4.7195697577314027e-07,0.11224537184171575,0.0,0.0,0.0,0.0,0.32999971407875334,0.6699997125156442,2.8250451219423546e-07,2.8370570249557385e-07,2.198213330508279e-09,5.129824549273004e-10,6.958567212526935e-18,7.049842612747404e-10,1.2116583000200027e-09,1.017453513094748e-09,2.0781731315715206e-12,4.902347954310091e-11,8.6124648415312e-11,3.974624464920478e-14,1.3857009735174024e-13,7.85910753499237e-22,2.3026940579575273e-14,2.5055344684629155e-12
4.942528814944769e-07,0.11224537183490119,0.0,0.0,0.0,0.0,0.329999700475088,0.6699996988635242,2.958857148921448e-07,2.97100551363785e-07,2.302416325749518e-09,5.268430127008721e-10,7.288427621680205e-18,7.52686861701603e-10,1.329000937117341e-09,1.1444775345622348e-09,2.387163822430541e-12,5.213328940106373e-11,9.129636122965654e-11,4.444716488236497e-14,1.5906997615427772e-13,9.021773626591488e-22,2.7762820782968168e-14,2.774652891259217e-12
5.165487872158135e-07,0.11224537182825943,0.0,0.0,0.0,0.0,0.32999968686145426,0.6699996852059215,3.0927134086994594e-07,3.1049376093274866e-07,2.4066537552106747e-09,5.407018725404933e-10,7.618397034302733e-18,8.007159798074648e-10,1.4517766965088339e-09,1.2798448323714923e-09,2.725409749950772e-12,5.5256115292745104e-11,9.647785933883051e-11,4.946334596908694e-14,1.8140338046392732e-13,1.028842950154598e-21,3.3180760553378944e-14,3.0598794596188893e-12
5.388446929371501e-07,0.11224537182179047,0.0,0.0,0.0,0.0,0.3299996732377978,0.6699996715428339,3.226614395407029e-07,3.238853310756797e-07,2.510926004750394e-09,5.54559034315501e-10,7.948476671852178e-18,8.490262439140484e-10,1.5799872563732093e-09,1.423608263063342e-09,3.0942445039125563e-12,5.838990228445069e-11,1.0166716872751112e-10,5.480130808264736e-14,2.0563258455253445e-13,1.1662607092236907e-21,3.934016338285746e-14,3.361537742405489e-12
5.611405986584867e-07,0.1122453718154942,0.0,0.0,0.0,0.0,0.32999965960407135,0.6699996578742591,3.360560526943273e-07,3.372752616660554e-07,2.6152334007143574e-09,5.684144978946761e-10,8.278667567394587e-18,8.975785839501924e-10,1.7136343133793035e-09,1.5758133367041735e-09,3.4950031000935414e-12,6.153291043086069e-11,1.068626905509877e-10,6.046739221208485e-14,2.318181318650819e-13,1.3147740165891994e-21,4.6302388823428804e-14,3.67995108986292e-12
5.834365043798233e-07,0.11224537180937062,0.0,0.0,0.0,0.0,0.3299996459602349,0.669999644200195,3.494552155649563e-07,3.5066355257761523e-07,2.719576218267208e-09,5.822682631466135e-10,8.60897059197957e-18,9.463393957715702e-10,1.8527195798008753e-09,1.7364992413280594e-09,3.929021980833323e-12,6.468366639107693e-11,1.1206312947652715e-10,6.646776487932365e-14,2.600188850438139e-13,1.4747167161741656e-21,5.4130698138850714e-14,4.015442629086836e-12
6.057324101011599e-07,0.11224537180341951,0.0,0.0,0.0,0.0,0.3299996323062536,0.6699996305206392,3.628589577547626e-07,3.640502036843615e-07,2.8239546886040136e-09,5.961203299407123e-10,8.939386477468595e-18,9.952798065824908e-10,1.9972447810396174e-09,1.9056997306675157e-09,4.397639014688014e-12,6.784092261573802e-11,1.1726743624872728e-10,7.280842296941603e-14,2.902920742067746e-13,1.646413392917278e-21,6.289020152639868e-14,4.368335260054528e-12
6.280283158224965e-07,0.11224537179764074,0.0,0.0,0.0,0.0,0.32999961864209754,0.6699996168355895,3.762673040317566e-07,3.774352148605602e-07,2.9283690051782445e-09,6.099706981466202e-10,9.269915836249984e-18,1.0443750329019895e-09,2.1472116534996454e-09,2.0834438915208383e-09,4.902193495420954e-12,7.100362281201378e-11,1.2247476120198993e-10,7.94951987289307e-14,3.2269334348114613e-13,1.830179636690217e-21,7.264780686286069e-14,4.738951652150953e-12
6.503242215438331e-07,0.11224537179203418,0.0,0.0,0.0,0.0,0.3299996049677412,0.6699996031450438,3.8968027501812923e-07,3.9081858598074187e-07,3.032819329075373e-09,6.238193676340848e-10,9.600559178249361e-18,1.0936038213477645e-09,2.3026219427629694e-09,2.2697568063276935e-09,5.4440261405307865e-12,7.417087262982716e-11,1.2768441630055908e-10,8.653376455387474e-14,3.572767962389336e-13,2.026322298855256e-21,8.347216991394456e-14,5.127614241133256e-12
6.726201272651697e-07,0.11224537178659974,0.0,0.0,0.0,0.0,0.3299995912831624,0.6699995894490003,4.0309788778380126e-07,4.0420031691970235e-07,3.1373057936465544e-09,6.37666338273228e-10,9.931316925597824e-18,1.1429479619013407e-09,2.4634774020242597e-09,2.4646601249211148e-09,6.024479089453704e-12,7.734191480036706e-11,1.3289584425393864e-10,9.392963744103501e-14,3.940950392157188e-13,2.23513974248811e-21,9.543364595881607e-14,5.534645226482622e-12
6.949160329865063e-07,0.11224537178133705,0.0,0.0,0.0,0.0,0.32999957758834203,0.6699995757474562,4.165201563576011e-07,4.1758040755250324e-07,3.2418285084993438e-09,6.515116099344858e-10,1.0262189425264777e-17,1.1923918645673082e-09,2.6297797907501954e-09,2.6681725573219103e-09,6.644895901534478e-12,8.051610810684316e-11,1.3810859361092868e-10,1.0168818330387549e-13,4.331992253503665e-13,2.456922085346567e-21,1.0860424279597483e-13,5.960366569098425e-12
7.172119387078429e-07,0.11224537177624605,0.0,0.0,0.0,0.0,0.3299995638832639,0.6699995620404098,4.2994709216675373e-07,4.309588577544724e-07,3.346387562928806e-09,6.653551824885297e-10,1.0593176959919301e-17,1.241922192071266e-09,2.8015308735327125e-09,2.8803102977314527e-09,7.306621553846564e-12,8.369290960895724e-11,1.4332229870588104e-10,1.0981462128600554e-13,4.746390952524225e-13,2.6919514350559676e-21,1.2305757509545323e-13,6.405099989294204e-12
7.395078444291795e-07,0.1122453717713266,0.0,0.0,0.0,0.0,0.3299995501679137,0.6699995483278589,4.433787044142212e-07,4.443356674012049e-07,3.450983028863488e-09,6.79197055806321e-10,1.09242797572558e-17,1.2915275421362198e-09,2.9787324191085687e-09,3.101087388784098e-09,8.01100243893326e-12,8.68718595931373e-11,1.4853666340683617e-10,1.183140279896999e-13,5.184630174260868e-13,2.940502117242509e-21,1.3886882005524682e-13,6.869166965059102e-12
7.618037501505161e-07,0.11224537176657841,0.0,0.0,0.0,0.0,0.3299995364422791,0.6699995346098017,4.568150004024591e-07,4.577108363685631e-07,3.5556149633930817e-09,6.930372297591174e-10,1.1255497997995447e-17,1.341198173137595e-09,3.161386199521181e-09,3.330516034228403e-09,8.759386362525428e-12,9.005256881415296e-11,1.5375144788602624e-10,1.271913415222776e-13,5.647180273932837e-13,3.2028408974226915e-21,1.5611467432024328e-13,7.35288873055205e-12
7.840996558718527e-07,0.11224537176200132,0.0,0.0,0.0,0.0,0.3299995227063496,0.6699995208862356,4.702559858110473e-07,4.7108436453267716e-07,3.6602834109359972e-09,7.068757042184505e-10,1.158683182274778e-17,1.390925767358322e-09,3.3494939894044465e-09,3.5686068671964563e-09,9.553122541271563e-12,9.323470768550514e-11,1.589664578835005e-10,1.3645136538952554e-13,6.134498657255224e-13,3.479227196703892e-21,1.7487331212771918e-13,7.856586274799845e-12
8.063955615931893e-07,0.11224537175759515,0.0,0.0,0.0,0.0,0.32999950896011576,0.6699995071571591,4.837016649345699e-07,4.844562517699454e-07,3.764988405096615e-09,7.207124790561313e-10,1.1918281337889925e-17,1.4407032268492475e-09,3.5430575653713517e-09,3.815369180176212e-09,1.0393561600502971e-11,9.64179971321012e-11,1.641815360384317e-10,1.4609877230680638e-13,6.647030149494312e-13,3.769913301096893e-21,1.9522434464639192e-13,8.380580340573529e-12
8.286914673145259e-07,0.11224537175335964,0.0,0.0,0.0,0.0,0.32999949520356964,0.6699994934225696,4.971520408862123e-07,4.97826497957035e-07,3.869729970254904e-09,7.345475541442565e-10,1.2249846620598601e-17,1.4905244976831191e-09,3.742078705492443e-09,4.070811121933218e-09,1.1282055572051318e-11,9.960220085085419e-11,1.6939655489048474e-10,1.561381079327162e-13,7.185207353574278e-13,4.075144564618794e-21,2.1724878047489252e-13,8.925191423420622e-12
8.509873730358624e-07,0.11224537174929462,0.0,0.0,0.0,0.0,0.32999948143670416,0.6699994796824653,5.106071157718649e-07,5.111951029708821e-07,3.9745081229257544e-09,7.483809293552047e-10,1.2581527723153212e-17,1.5403844189118406e-09,3.946559188851111e-09,4.334939865971184e-09,1.2219957892132416e-11,1.0278711875714373e-10,1.7461141120616763e-10,1.665737944879811e-13,7.749450997974504e-13,4.395159606605611e-21,2.410289872649579e-13,9.490739770833374e-12
8.73283278757199e-07,0.11224537174539992,0.0,0.0,0.0,0.0,0.329999467659513,0.6699994659368441,5.240668908389273e-07,5.24562066688691e-07,4.079322872920834e-09,7.622126045616343e-10,1.2913324676613719e-17,1.5902785928913616e-09,4.156500795164472e-09,4.607761754561369e-09,1.3208623399305282e-11,1.059725814325895e-10,1.798260213696314e-10,1.7741013425102035e-13,8.340170274847795e-13,4.730190503478573e-21,2.6664865443650446e-13,1.0077545381535602e-11
8.955791844785356e-07,0.11224537174167529,0.0,0.0,0.0,0.0,0.3299994538719908,0.6699994521857043,5.375313666034297e-07,5.37927388987937e-07,4.184174224341122e-09,7.760425796364858e-10,1.3245237493962586e-17,1.6402032740110551e-09,4.37190530446026e-09,4.889282421827938e-09,1.4249408332509656e-11,1.0915844542281204e-10,1.8504031764679967e-10,1.886513129544279e-13,8.957763168437461e-13,5.080462975008355e-21,2.9419275695388396e-13,1.068592800487267e-11
9.401709959212089e-07,0.1122453717347354,0.0,0.0,0.0,0.0,0.3299994262659347,0.6699994246668594,5.644744192267495e-07,5.64653108841984e-07,4.3939867239513805e-09,8.036974288846284e-10,1.3909410696567312e-17,1.740131911420936e-09,4.819110152156908e-09,5.478439664269285e-09,1.649276842345807e-11,1.1553091163465482e-10,1.95467760944146e-10,2.1236436693760019e-13,1.0275107583389903e-12,5.827604804236919e-21,3.554003880576451e-13,1.1968702037071041e-11
9.803036262196149e-07,0.11224537172906908,0.0,0.0,0.0,0.0,0.3299994013851088,0.669999399881004,5.887392366817544e-07,5.88700641835485e-07,4.582943102070181e-09,8.285809774890726e-10,1.450756268018812e-17,1.8301447052462362e-09,5.240295497999686e-09,6.03847642473253e-09,1.8703675338050705e-11,1.2126646807502566e-10,2.0485093695807204e-10,2.351303847974856e-13,1.1556399499944027e-12,6.554299187128409e-21,4.179463925187171e-13,1.3200194652004788e-11
9.999999999999997e-07,0.11224537172409184,0.0,0.0,0.0,0.0,0.3299993891617801,0.6699993877099993,6.006535397098516e-07,6.005007927272203e-07,4.675722841318056e-09,8.407913602049009e-10,1.480126213416101e-17,1.874344467756014e-09,5.453490199324469e-09,6.3236653774292455e-09,1.9857769855461693e-11,1.2408135789905594e-10,2.0945544973457425e-10,2.46804067483076e-13,1.2219052202695684e-12,6.930127669925291e-21,4.5139432358464266e-13,1.3831863386630253e-11
1.0192681858608148e-06,0.11224537172409184,0.0,0.0,0.0,0.0,0.32999937719636185,0.6699993757994092,6.123123774316352e-07,6.12043175045862e-07,4.7665132036781174e-09,8.527350117859103e-10,1.5088664104350115e-17,1.917596678115784e-09,5.666183080390574e-09,6.609240622684327e-09,2.1031966843903676e-11,1.2683498996943915e-10,2.139594730035992e-10,2.585460780706523e-13,1.2889149873288195e-12,7.310178622495002e-21,4.859497626482396e-13,1.4467460949429955e-11
1.0582327455020148e-06,0.11224537171962984,0.0,0.0,0.0,0.0,0.32999935297598937,0.6699993517009183,6.358998489901642e-07,6.353806927002524e-07,4.950194891301797e-09,8.768838511190828e-10,1.567011876038884e-17,2.0050992864417845e-09,6.108790717490534e-09,7.206649845990338e-09,2.3546665696856936e-11,1.3240313365877511e-10,2.2306639039345472e-10,2.8327375131679137e-13,1.4311150125928864e-12,8.116676800905713e-21,5.616201885239968e-13,1.5807001612079964e-11
1.0971973051432148e-06,0.11224537171568195,0.0,0.0,0.0,0.0,0.3299993287239786,0.6699993275855204,6.595016380347493e-07,6.587131941560991e-07,5.1339880612963335e-09,9.010274948223261e-10,1.625192632021391e-17,2.0926469704244944e-09,6.568127885720134e-09,7.830718611525373e-09,2.625506963962233e-11,1.3797069358444795e-10,2.3217162115810785e-10,3.09331406855192e-13,1.5824107285758375e-12,8.974761876127555e-21,6.454593156760597e-13,1.7220512672759665e-11
1.1361618647844147e-06,0.11224537171224706,0.0,0.0,0.0,0.0,0.3299993044403176,0.669999303453205,6.831177297139462e-07,6.820406787733673e-07,5.317892598078896e-09,9.251659422319999e-10,1.6834086417944735e-17,2.1802355506014105e-09,7.044204051037694e-09,8.481459961274639e-09,2.9164489338530244e-11,1.435375160522476e-10,2.412751181650794e-10,3.367362150537849e-13,1.7429648400472597e-12,9.8853566405548e-21,7.379780684280541e-13,1.8709687813647252e-11
1.1751264244256147e-06,0.11224537170932408,0.0,0.0,0.0,0.0,0.3299992801249965,0.6699992793039613,7.06748108042478e-07,7.053631459145448e-07,5.501908377213216e-09,9.492991926870912e-10,1.741659865967471e-17,2.267861871014793e-09,7.537028667946221e-09,9.158885845631532e-09,3.2282248362176904e-11,1.4910348546252869e-10,2.503768480573714e-10,3.6550455528891525e-13,1.9129324476674038e-12,1.0849340759301057e-20,8.396962146466355e-13,2.027621836483814e-11
1.2140909840668147e-06,0.11224537170691185,0.0,0.0,0.0,0.0,0.3299992557780054,0.6699992551377787,7.303927561714254e-07,7.286805949446435e-07,5.686035267519389e-09,9.734272455292114e-10,1.799946263014991e-17,2.3555235526666632e-09,8.046611178814994e-09,9.863007385735075e-09,3.561568316129011e-11,1.5466851507057127e-10,2.5947678743194803e-10,3.956520547405572e-13,2.0924614212426005e-12,1.1867552887145578e-20,9.511419532635127e-13,2.1921793303572662e-11
1.2530555437080146e-06,0.11224537170500924,0.0,0.0,0.0,0.0,0.3299992313993355,0.6699992309546465,7.540516565871456e-07,7.519930252311975e-07,5.870273132627203e-09,9.975501001025972e-10,1.8582677897686226e-17,2.443218811352858e-09,8.572961013378163e-09,1.0593835066630594e-08,3.917214304932439e-11,1.6023254021546154e-10,2.685749202816021e-10,4.27193625240588e-13,2.281692754326356e-12,1.2940792679680153e-20,1.0728515223724437e-12,2.3648099253856426e-11
1.2920201033492146e-06,0.11224537170361515,0.0,0.0,0.0,0.0,0.32999920698897867,0.6699992067545539,7.777247912733944e-07,7.753004361442645e-07,6.0546218322420706e-09,1.0216677557541092e-09,1.9166244018176763e-17,2.5309463097299046e-09,9.11608758832286e-09,1.1351378894629939e-08,4.295899018356644e-11,1.6579551274449022e-10,2.776712356769536e-10,4.601434983753978e-13,2.4807609018781384e-12,1.406982270836644e-20,1.2053688260000647e-12,2.545682048629971e-11
1.3309846629904146e-06,0.11224537170272836,0.0,0.0,0.0,0.0,0.3299991825469267,0.6699991825374901,8.014121418401827e-07,7.986028270564247e-07,6.239081223151242e-09,1.04578021183323e-09,1.9750160538277032e-17,2.6187050397360154e-09,9.676000306959277e-09,1.2135648522363942e-08,4.698359954672167e-11,1.7135739657115566e-10,2.8676572590842827e-10,4.945152589081583e-13,2.6897941016556904e-12,1.5255370283336747e-20,1.3492450788102747e-12,2.7349638918159755e-11
1.3699492226316145e-06,0.11224537170234782,0.0,0.0,0.0,0.0,0.3299991580731719,0.6699991583034448,8.251136896163249e-07,8.219001973427809e-07,6.423651159946488e-09,1.0698874676920673e-09,2.0334426997692708e-17,2.706494237479284e-09,1.0252708558981462e-08,1.2946653338626241e-08,5.1253358928935167e-11,1.7691816452582535e-10,2.958583854067505e-10,5.303218765397018e-13,2.9089146796771193e-12,1.649812918584535e-20,1.505038468386083e-12,2.9328234113594354e-11
1.4089137822728145e-06,0.1122453717024724,0.0,0.0,0.0,0.0,0.32999913356770677,0.6699991340524072,8.488294157132375e-07,8.451925463809583e-07,6.6083314955223085e-09,1.0939895226853496e-09,2.091904293075665e-17,2.7943133239911485e-09,1.0846221720299604e-08,1.3784402530327224e-08,5.577566891015641e-11,1.8247779621672785e-10,3.049492102147303e-10,5.675757360779068e-13,3.1382393404227524e-12,1.7798761314170267e-20,1.6733138343517252e-12,3.1394283284083386e-11
1.4478783419140144e-06,0.11224537170310095,0.0,0.0,0.0,0.0,0.32999910903052404,0.6699991097843666,8.725593010726791e-07,8.68479873551103e-07,6.7931220814487344e-09,1.1180863761704288e-09,2.15040078676091e-17,2.882161860854564e-09,1.1456549152911395e-08,1.4648905128833702e-08,6.055794284275686e-11,1.8803627642174558e-10,3.1403819759090463e-10,6.062886661225997e-13,3.377879442718067e-12,1.9157898248304096e-20,1.8546423632910282e-12,3.354946128895247e-11
1.5258074611964144e-06,0.11224537170586546,0.0,0.0,0.0,0.0,0.3299990598609766,0.6699990611972343,9.200614727029039e-07,9.150394598204854e-07,7.1630334056120855e-09,1.1662644760584823e-09,2.267498285734494e-17,3.05794604533662e-09,1.272768420986765e-08,1.6458206092780502e-08,7.093209973066532e-11,1.9914974028476787e-10,3.322106528637083e-10,6.881364300382356e-13,3.8885262073995155e-12,2.2054069931058118e-20,2.2587737007397137e-12,3.813389148203869e-11
1.6037365804788143e-06,0.11224537171063223,0.0,0.0,0.0,0.0,0.3299990105644729,0.6699990125419631,9.676200499039382e-07,9.615789512425106e-07,7.533383928315708e-09,1.2144217622674417e-09,2.3847348155217876e-17,3.2338449303856352e-09,1.4066188344040456e-08,1.8374626588546746e-08,8.243539120775441e-11,2.102584948243578e-10,3.503757410770468e-10,7.75949675644903e-13,4.441648573747622e-12,2.5191145196617462e-20,2.7221182475613253e-12,4.309487654788202e-11
